모델,테이블,필드,DB 열,Prisma 타입,null 허용,종류,속성 및 제약,설명
User,users,id,id,String,아니요,저장 필드,@id @default(uuid()) @db.Uuid,
User,users,authUserId,auth_user_id,String?,예,저장 필드,"@unique @map(""auth_user_id"") @db.Uuid",
User,users,email,email,String?,예,저장 필드,@unique,
User,users,username,username,String?,예,저장 필드,@unique,로그인 이름입니다. 소문자로 저장하며 전역에서 고유하고 이름 변경용으로 재사용하지 않습니다. OAuth 유입 계정이나 이 필드 도입 이전 계정은 null일 수 있습니다.
User,users,displayName,display_name,String?,예,저장 필드,"@map(""display_name"")",
User,users,avatarUrl,avatar_url,String?,예,저장 필드,"@map(""avatar_url"")",외부 OAuth 사진이며 대체 이미지로만 보관합니다. Cove 이미지가 생기면 avatarAssetId를 기준으로 사용하며 이 필드는 조회하지 않습니다. 서명된 전달 URL은 생성 당시 권한보다 오래 남을 수 있으므로 여기에 저장하지 않습니다.
User,users,avatarAssetId,avatar_asset_id,String?,예,저장 필드,"@map(""avatar_asset_id"") @db.Uuid",Cove가 소유하며 비공개로 저장하는 프로필 이미지입니다.
User,users,contactPhone,contact_phone,String?,예,저장 필드,"@map(""contact_phone"")",로그인 자격 증명이 아닙니다. 표준 국제 전화번호 형식으로 저장하고 클라이언트가 독자의 로캘에 맞게 표시합니다.
User,users,preferredLocale,preferred_locale,String,아니요,저장 필드,"@default(""ko"") @map(""preferred_locale"")",학원과 독립적인 계정의 Cove 표시 언어입니다.
User,users,timezone,timezone,String?,예,저장 필드,,IANA 시간대 이름입니다. null이면 브라우저 시간대를 따르며 별도로 설정하지 않은 학생의 기본 동작입니다.
User,users,emailIsPlaceholder,email_is_placeholder,Boolean,아니요,저장 필드,"@default(false) @map(""email_is_placeholder"")",email이 사용자가 읽는 주소가 아니라 생성된 no-email.cove.invalid 주소인지 나타냅니다. Supabase Auth는 모든 ID에 이메일을 요구하므로 이메일이 없는 초등학생에게 생성합니다. 인증에만 사용하며 표시·메일 발송·초대 대조에는 사용하지 않습니다. 기존 고유 인덱스와 ID 충돌 검사가 유지되도록 별도 이메일 열 대신 email 옆에 표시하고 후속 처리마다 명시적으로 구분합니다.
User,users,platformRole,platform_role,PlatformRole,아니요,저장 필드,"@default(USER) @map(""platform_role"")",
User,users,status,status,UserStatus,아니요,저장 필드,@default(PENDING_PROFILE),
User,users,legacyUserId,legacy_user_id,String?,예,저장 필드,"@unique @map(""legacy_user_id"")",
User,users,legacyUsername,legacy_username,String?,예,저장 필드,"@unique @map(""legacy_username"")",
User,users,legacyPasswordHash,legacy_password_hash,String?,예,저장 필드,"@map(""legacy_password_hash"")",
User,users,migratedAt,migrated_at,DateTime?,예,저장 필드,"@map(""migrated_at"") @db.Timestamptz(6)",
User,users,lastSignInAt,last_sign_in_at,DateTime?,예,저장 필드,"@map(""last_sign_in_at"") @db.Timestamptz(6)",
User,users,createdAt,created_at,DateTime,아니요,저장 필드,"@default(now()) @map(""created_at"") @db.Timestamptz(6)",
User,users,updatedAt,updated_at,DateTime,아니요,저장 필드,"@updatedAt @map(""updated_at"") @db.Timestamptz(6)",
User,users,memberships,memberships,AcademyMembership[],아니요,관계 접근자,,
User,users,issuedCredential,issuedCredential,StudentIssuedCredential?,예,관계 접근자,"@relation(""IssuedCredentialHolder"")",
User,users,credentialsIssued,credentialsIssued,StudentIssuedCredential[],아니요,관계 접근자,"@relation(""IssuedCredentialIssuer"")",
User,users,membershipRolesGranted,membershipRolesGranted,AcademyMembershipRole[],아니요,관계 접근자,"@relation(""MembershipRoleGranter"")",
User,users,invitationsCreated,invitationsCreated,AcademyInvitation[],아니요,관계 접근자,"@relation(""InvitationCreator"")",
User,users,invitationsAccepted,invitationsAccepted,AcademyInvitation[],아니요,관계 접근자,"@relation(""InvitationAcceptor"")",
User,users,joinRequests,joinRequests,AcademyJoinRequest[],아니요,관계 접근자,"@relation(""JoinRequester"")",
User,users,joinRequestsReviewed,joinRequestsReviewed,AcademyJoinRequest[],아니요,관계 접근자,"@relation(""JoinReviewer"")",
User,users,membershipInvitations,membershipInvitations,AcademyMembership[],아니요,관계 접근자,"@relation(""MembershipInviter"")",
User,users,membershipApprovals,membershipApprovals,AcademyMembership[],아니요,관계 접근자,"@relation(""MembershipApprover"")",
User,users,auditLogs,auditLogs,AuditLog[],아니요,관계 접근자,"@relation(""AuditActor"")",
User,users,coursesCreated,coursesCreated,Course[],아니요,관계 접근자,"@relation(""CourseCreator"")",
User,users,classesCreated,classesCreated,Class[],아니요,관계 접근자,"@relation(""ClassCreator"")",
User,users,classCoursesAssigned,classCoursesAssigned,ClassCourse[],아니요,관계 접근자,"@relation(""ClassCourseAssigner"")",
User,users,classEnrollmentsMade,classEnrollmentsMade,ClassEnrollment[],아니요,관계 접근자,"@relation(""ClassEnroller"")",
User,users,exerciseDrafts,exerciseDrafts,ExerciseDraft[],아니요,관계 접근자,,
User,users,submissions,submissions,Submission[],아니요,관계 접근자,,
User,users,exerciseProgress,exerciseProgress,StudentExerciseProgress[],아니요,관계 접근자,,
User,users,solveSessions,solveSessions,ExerciseSolveSession[],아니요,관계 접근자,,
User,users,avatarAsset,avatarAsset,MediaAsset?,예,관계 접근자,"@relation(""UserAvatar"", fields: [avatarAssetId], references: [id], onDelete: SetNull)",
User,users,mediaUploaded,mediaUploaded,MediaAsset[],아니요,관계 접근자,"@relation(""MediaUploader"")",
User,users,peopleImports,peopleImports,PeopleImportSession[],아니요,관계 접근자,"@relation(""PeopleImportActor"")",
User,users,contentImports,contentImports,ContentImportSession[],아니요,관계 접근자,"@relation(""ContentImportActor"")",
User,users,peopleBulkOperations,peopleBulkOperations,PeopleBulkOperation[],아니요,관계 접근자,"@relation(""PeopleBulkActor"")",
User,users,academiesCreated,academiesCreated,Academy[],아니요,관계 접근자,"@relation(""AcademyCreator"")",
User,users,supportGrants,supportGrants,PlatformSupportGrant[],아니요,관계 접근자,"@relation(""SupportGrantAdmin"")",
User,users,supportGrantsRevoked,supportGrantsRevoked,PlatformSupportGrant[],아니요,관계 접근자,"@relation(""SupportGrantRevoker"")",
User,users,operationRuns,operationRuns,PlatformOperationRun[],아니요,관계 접근자,"@relation(""OperationRunActor"")",
MediaAsset,media_assets,id,id,String,아니요,저장 필드,@id @default(uuid()) @db.Uuid,
MediaAsset,media_assets,bucket,bucket,String,아니요,저장 필드,,
MediaAsset,media_assets,objectKey,object_key,String,아니요,저장 필드,"@unique @map(""object_key"")",업무 식별 정보 범위의 변경 불가 객체입니다. 사진 교체는 새 객체를 쓰고 관계를 바꾸며 기존 객체를 덮어쓰지 않습니다. 업로드 실패로 기존 프로필 사진이 손실되지 않습니다.
MediaAsset,media_assets,purpose,purpose,MediaAssetPurpose,아니요,저장 필드,,
MediaAsset,media_assets,uploaderUserId,uploader_user_id,String,아니요,저장 필드,"@map(""uploader_user_id"") @db.Uuid",
MediaAsset,media_assets,contentType,content_type,String,아니요,저장 필드,"@map(""content_type"")",
MediaAsset,media_assets,sizeBytes,size_bytes,Int,아니요,저장 필드,"@map(""size_bytes"")",
MediaAsset,media_assets,width,width,Int,아니요,저장 필드,,
MediaAsset,media_assets,height,height,Int,아니요,저장 필드,,
MediaAsset,media_assets,checksumSha256,checksum_sha256,String,아니요,저장 필드,"@map(""checksum_sha256"")",
MediaAsset,media_assets,createdAt,created_at,DateTime,아니요,저장 필드,"@default(now()) @map(""created_at"") @db.Timestamptz(6)",
MediaAsset,media_assets,supersededAt,superseded_at,DateTime?,예,저장 필드,"@map(""superseded_at"") @db.Timestamptz(6)",새 자산으로 교체된 시각입니다. 정리 작업은 유예 기간 후 객체를 삭제하여 일시적 실패 시 복구할 수 있게 합니다.
MediaAsset,media_assets,deletedAt,deleted_at,DateTime?,예,저장 필드,"@map(""deleted_at"") @db.Timestamptz(6)",
MediaAsset,media_assets,uploader,uploader,User,아니요,관계 접근자,"@relation(""MediaUploader"", fields: [uploaderUserId], references: [id], onDelete: Restrict)",
MediaAsset,media_assets,userAvatars,userAvatars,User[],아니요,관계 접근자,"@relation(""UserAvatar"")",
MediaAsset,media_assets,memberAvatars,memberAvatars,AcademyMemberProfile[],아니요,관계 접근자,"@relation(""AcademyMemberAvatar"")",
MediaAsset,media_assets,academyMedia,academyMedia,AcademyMedia[],아니요,관계 접근자,"@relation(""AcademyMedia"")",
AcademyMemberProfile,academy_member_profiles,membershipId,membership_id,String,아니요,저장 필드,"@id @map(""membership_id"") @db.Uuid",
AcademyMemberProfile,academy_member_profiles,academyDisplayName,academy_display_name,String?,예,저장 필드,"@map(""academy_display_name"")",
AcademyMemberProfile,academy_member_profiles,avatarAssetId,avatar_asset_id,String?,예,저장 필드,"@map(""avatar_asset_id"") @db.Uuid",
AcademyMemberProfile,academy_member_profiles,contactPhone,contact_phone,String?,예,저장 필드,"@map(""contact_phone"")",
AcademyMemberProfile,academy_member_profiles,createdAt,created_at,DateTime,아니요,저장 필드,"@default(now()) @map(""created_at"") @db.Timestamptz(6)",
AcademyMemberProfile,academy_member_profiles,updatedAt,updated_at,DateTime,아니요,저장 필드,"@updatedAt @map(""updated_at"") @db.Timestamptz(6)",
AcademyMemberProfile,academy_member_profiles,membership,membership,AcademyMembership,아니요,관계 접근자,"@relation(fields: [membershipId], references: [id], onDelete: Cascade)",
AcademyMemberProfile,academy_member_profiles,avatarAsset,avatarAsset,MediaAsset?,예,관계 접근자,"@relation(""AcademyMemberAvatar"", fields: [avatarAssetId], references: [id], onDelete: SetNull)",
StudentAcademyProfile,student_academy_profiles,membershipId,membership_id,String,아니요,저장 필드,"@id @map(""membership_id"") @db.Uuid",
StudentAcademyProfile,student_academy_profiles,academyId,academy_id,String,아니요,저장 필드,"@map(""academy_id"") @db.Uuid",학원 내 고유성을 서비스 검사에만 의존하지 않고 DB 제약으로 보장하기 위해 멤버십 값을 중복 저장합니다.
StudentAcademyProfile,student_academy_profiles,dateOfBirth,date_of_birth,DateTime?,예,저장 필드,"@map(""date_of_birth"") @db.Date",
StudentAcademyProfile,student_academy_profiles,schoolName,school_name,String?,예,저장 필드,"@map(""school_name"")",
StudentAcademyProfile,student_academy_profiles,schoolGrade,school_grade,String?,예,저장 필드,"@map(""school_grade"")",
StudentAcademyProfile,student_academy_profiles,guardianName,guardian_name,String?,예,저장 필드,"@map(""guardian_name"")",
StudentAcademyProfile,student_academy_profiles,guardianRelationship,guardian_relationship,GuardianRelationship?,예,저장 필드,"@map(""guardian_relationship"")",
StudentAcademyProfile,student_academy_profiles,guardianPhone,guardian_phone,String?,예,저장 필드,"@map(""guardian_phone"")",
StudentAcademyProfile,student_academy_profiles,emergencyContactName,emergency_contact_name,String?,예,저장 필드,"@map(""emergency_contact_name"")",
StudentAcademyProfile,student_academy_profiles,emergencyContactPhone,emergency_contact_phone,String?,예,저장 필드,"@map(""emergency_contact_phone"")",
StudentAcademyProfile,student_academy_profiles,codingInterests,coding_interests,String[],아니요,저장 필드,"@map(""coding_interests"")",학생이 직접 작성한 내용입니다. 관리자는 읽을 수 있지만 다시 작성하지 않습니다.
StudentAcademyProfile,student_academy_profiles,learningGoal,learning_goal,String?,예,저장 필드,"@map(""learning_goal"")",
StudentAcademyProfile,student_academy_profiles,studentNumber,student_number,String?,예,저장 필드,"@map(""student_number"")",관리자가 관리하며 학원 내에서만 고유합니다.
StudentAcademyProfile,student_academy_profiles,createdAt,created_at,DateTime,아니요,저장 필드,"@default(now()) @map(""created_at"") @db.Timestamptz(6)",
StudentAcademyProfile,student_academy_profiles,updatedAt,updated_at,DateTime,아니요,저장 필드,"@updatedAt @map(""updated_at"") @db.Timestamptz(6)",
StudentAcademyProfile,student_academy_profiles,membership,membership,AcademyMembership,아니요,관계 접근자,"@relation(fields: [membershipId], references: [id], onDelete: Cascade)",
StaffAcademyProfile,staff_academy_profiles,membershipId,membership_id,String,아니요,저장 필드,"@id @map(""membership_id"") @db.Uuid",
StaffAcademyProfile,staff_academy_profiles,academyId,academy_id,String,아니요,저장 필드,"@map(""academy_id"") @db.Uuid",학생 프로필의 중복 저장과 같은 이유로 비정규화합니다.
StaffAcademyProfile,staff_academy_profiles,bio,bio,String?,예,저장 필드,,
StaffAcademyProfile,staff_academy_profiles,specialties,specialties,String[],아니요,저장 필드,,
StaffAcademyProfile,staff_academy_profiles,teachingLanguages,teaching_languages,String[],아니요,저장 필드,"@map(""teaching_languages"")",
StaffAcademyProfile,staff_academy_profiles,academyTitle,academy_title,String?,예,저장 필드,"@map(""academy_title"")",관리자가 관리하는 해당 직원의 학원 내 담당 업무입니다.
StaffAcademyProfile,staff_academy_profiles,employeeNumber,employee_number,String?,예,저장 필드,"@map(""employee_number"")",
StaffAcademyProfile,staff_academy_profiles,createdAt,created_at,DateTime,아니요,저장 필드,"@default(now()) @map(""created_at"") @db.Timestamptz(6)",
StaffAcademyProfile,staff_academy_profiles,updatedAt,updated_at,DateTime,아니요,저장 필드,"@updatedAt @map(""updated_at"") @db.Timestamptz(6)",
StaffAcademyProfile,staff_academy_profiles,membership,membership,AcademyMembership,아니요,관계 접근자,"@relation(fields: [membershipId], references: [id], onDelete: Cascade)",
Organization,organizations,id,id,String,아니요,저장 필드,@id @default(uuid()) @db.Uuid,
Organization,organizations,name,name,String,아니요,저장 필드,,
Organization,organizations,slug,slug,String,아니요,저장 필드,@unique,
Organization,organizations,status,status,OrganizationStatus,아니요,저장 필드,@default(ACTIVE),
Organization,organizations,createdAt,created_at,DateTime,아니요,저장 필드,"@default(now()) @map(""created_at"") @db.Timestamptz(6)",
Organization,organizations,updatedAt,updated_at,DateTime,아니요,저장 필드,"@updatedAt @map(""updated_at"") @db.Timestamptz(6)",
Organization,organizations,academies,academies,Academy[],아니요,관계 접근자,,
Academy,academies,helpRequests,helpRequests,StudentHelpRequest[],아니요,관계 접근자,,
Academy,academies,id,id,String,아니요,저장 필드,@id @default(uuid()) @db.Uuid,
Academy,academies,organizationId,organization_id,String,아니요,저장 필드,"@map(""organization_id"") @db.Uuid",
Academy,academies,name,name,String,아니요,저장 필드,,
Academy,academies,slug,slug,String,아니요,저장 필드,,
Academy,academies,status,status,AcademyStatus,아니요,저장 필드,@default(ACTIVE),
Academy,academies,kind,kind,AcademyKind,아니요,저장 필드,@default(ACADEMY),콘텐츠 라이브러리 도입 전 학원도 별도 보정 없이 올바른 값을 갖도록 기본값을 지정합니다.
Academy,academies,addressLine1,address_line1,String?,예,저장 필드,"@map(""address_line1"")",관리자가 우편에 적을 형태의 학원 주소입니다. 프로필 입력 전에도 학원이 존재하므로 모든 부분은 null을 허용합니다. 필수 열로 만들면 실제 답처럼 보이는 임시 값을 기존 행에 채워야 합니다.
Academy,academies,addressLine2,address_line2,String?,예,저장 필드,"@map(""address_line2"")",
Academy,academies,locality,locality,String?,예,저장 필드,,
Academy,academies,region,region,String?,예,저장 필드,,
Academy,academies,postalCode,postal_code,String?,예,저장 필드,"@map(""postal_code"")",
Academy,academies,countryCode,country_code,String?,예,저장 필드,"@map(""country_code"") @db.Char(2)",대문자 ISO 3166-1 alpha-2 국가 코드입니다. 한국 외 학원도 코드 수정 없이 데이터 변경으로 지원하도록 명시적으로 저장합니다.
Academy,academies,contactPhone,contact_phone,String?,예,저장 필드,"@map(""contact_phone"")",
Academy,academies,contactEmail,contact_email,String?,예,저장 필드,"@map(""contact_email"")",
Academy,academies,timeZone,time_zone,String,아니요,저장 필드,"@default(""Asia/Seoul"") @map(""time_zone"")","학원 현지 날짜 경계의 기준입니다. @cove/shared의 ACADEMY_TIME_ZONE을 대체하는 열이며 관리자·강사 화면의 기간, 성장 집계 구간 및 오늘을 결정합니다. 기존 동작을 유지하도록 서울을 기본값으로 지정합니다."
Academy,academies,profileUpdatedAt,profile_updated_at,DateTime?,예,저장 필드,"@map(""profile_updated_at"") @db.Timestamptz(6)",관리자가 위 프로필을 마지막으로 수정한 시각입니다. null은 아직 수정하지 않음을 뜻하며 개요의 프로필 완성 안내가 이 상태를 사용합니다.
Academy,academies,statusChangedAt,status_changed_at,DateTime?,예,저장 필드,"@map(""status_changed_at"") @db.Timestamptz(6)",플랫폼이 학원을 ACTIVE·SUSPENDED·ARCHIVED 사이에서 마지막으로 전환한 시각입니다. null이면 생성 이후 ACTIVE 상태입니다. Class의 archivedAt과 달리 학원은 복수 상태 및 되돌릴 수 있는 전환이 있어 상태별 시각의 우선순위 문제를 피하도록 단일 열을 사용합니다. 전환 사유는 감사 기록에 있습니다.
Academy,academies,createdByUserId,created_by_user_id,String?,예,저장 필드,"@map(""created_by_user_id"") @db.Uuid",학원을 등록한 플랫폼 관리자입니다. 플랫폼 관리 도입 전 초기 데이터에는 생성자가 없어 null을 허용합니다. SetNull을 사용해 퇴사한 운영자 계정 삭제가 과거 생성 학원 때문에 차단되지 않게 합니다.
Academy,academies,peopleRevision,people_revision,Int,아니요,저장 필드,"@default(0) @map(""people_revision"")",멤버십·초대·수강 등록 변경 트랜잭션마다 증가합니다. 목록 선택과 가져오기 미리보기는 생성 기준 리비전을 전달합니다. 이후 명단이 바뀌면 일괄 변경 시 충돌을 명시하여 중간에 추가된 구성원을 조용히 덮어쓰지 않게 합니다.
Academy,academies,createdAt,created_at,DateTime,아니요,저장 필드,"@default(now()) @map(""created_at"") @db.Timestamptz(6)",
Academy,academies,updatedAt,updated_at,DateTime,아니요,저장 필드,"@updatedAt @map(""updated_at"") @db.Timestamptz(6)",
Academy,academies,organization,organization,Organization,아니요,관계 접근자,"@relation(fields: [organizationId], references: [id], onDelete: Restrict)",
Academy,academies,createdBy,createdBy,User?,예,관계 접근자,"@relation(""AcademyCreator"", fields: [createdByUserId], references: [id], onDelete: SetNull)",
Academy,academies,memberships,memberships,AcademyMembership[],아니요,관계 접근자,,
Academy,academies,slugHistory,slugHistory,AcademySlugHistory[],아니요,관계 접근자,,
Academy,academies,invitations,invitations,AcademyInvitation[],아니요,관계 접근자,,
Academy,academies,joinRequests,joinRequests,AcademyJoinRequest[],아니요,관계 접근자,,
Academy,academies,oauthOnboardingIntents,oauthOnboardingIntents,OAuthOnboardingIntent[],아니요,관계 접근자,,
Academy,academies,auditLogs,auditLogs,AuditLog[],아니요,관계 접근자,,
Academy,academies,courses,courses,Course[],아니요,관계 접근자,,
Academy,academies,classes,classes,Class[],아니요,관계 접근자,,
Academy,academies,featureFlags,featureFlags,AcademyFeatureFlag[],아니요,관계 접근자,,
Academy,academies,monitoringVisits,monitoringVisits,TeacherMonitoringVisit[],아니요,관계 접근자,,
Academy,academies,teacherFeedback,teacherFeedback,TeacherFeedback[],아니요,관계 접근자,,
Academy,academies,learningDays,learningDays,StudentCourseLearningDay[],아니요,관계 접근자,,
Academy,academies,classLearningDays,classLearningDays,StudentClassCourseLearningDay[],아니요,관계 접근자,,
Academy,academies,media,media,AcademyMedia[],아니요,관계 접근자,,
Academy,academies,importSessions,importSessions,PeopleImportSession[],아니요,관계 접근자,,
Academy,academies,contentImportSessions,contentImportSessions,ContentImportSession[],아니요,관계 접근자,,
Academy,academies,bulkOperations,bulkOperations,PeopleBulkOperation[],아니요,관계 접근자,,
Academy,academies,pointAwards,pointAwards,PointAward[],아니요,관계 접근자,,
Academy,academies,pointPolicy,pointPolicy,AcademyPointPolicy?,예,관계 접근자,,
Academy,academies,supportGrants,supportGrants,PlatformSupportGrant[],아니요,관계 접근자,,
Academy,academies,issuedCredentials,issuedCredentials,StudentIssuedCredential[],아니요,관계 접근자,,
Academy,academies,operationRuns,operationRuns,PlatformOperationRun[],아니요,관계 접근자,,
AcademyFeatureFlag,academy_feature_flags,academyId,academy_id,String,아니요,저장 필드,"@map(""academy_id"") @db.Uuid",
AcademyFeatureFlag,academy_feature_flags,feature,feature,AcademyFeature,아니요,저장 필드,,
AcademyFeatureFlag,academy_feature_flags,isEnabled,is_enabled,Boolean,아니요,저장 필드,"@default(false) @map(""is_enabled"")",
AcademyFeatureFlag,academy_feature_flags,createdAt,created_at,DateTime,아니요,저장 필드,"@default(now()) @map(""created_at"") @db.Timestamptz(6)",
AcademyFeatureFlag,academy_feature_flags,updatedAt,updated_at,DateTime,아니요,저장 필드,"@updatedAt @map(""updated_at"") @db.Timestamptz(6)",
AcademyFeatureFlag,academy_feature_flags,academy,academy,Academy,아니요,관계 접근자,"@relation(fields: [academyId], references: [id], onDelete: Cascade)",
OAuthOnboardingIntent,oauth_onboarding_intents,id,id,String,아니요,저장 필드,@id @default(uuid()) @db.Uuid,
OAuthOnboardingIntent,oauth_onboarding_intents,tokenHash,token_hash,String,아니요,저장 필드,"@unique @map(""token_hash"")",
OAuthOnboardingIntent,oauth_onboarding_intents,academyId,academy_id,String,아니요,저장 필드,"@map(""academy_id"") @db.Uuid",
OAuthOnboardingIntent,oauth_onboarding_intents,provider,provider,String,아니요,저장 필드,,
OAuthOnboardingIntent,oauth_onboarding_intents,status,status,OAuthOnboardingIntentStatus,아니요,저장 필드,@default(PENDING),
OAuthOnboardingIntent,oauth_onboarding_intents,expiresAt,expires_at,DateTime,아니요,저장 필드,"@map(""expires_at"") @db.Timestamptz(6)",
OAuthOnboardingIntent,oauth_onboarding_intents,consumedAt,consumed_at,DateTime?,예,저장 필드,"@map(""consumed_at"") @db.Timestamptz(6)",
OAuthOnboardingIntent,oauth_onboarding_intents,consumedByAuthUserId,consumed_by_auth_user_id,String?,예,저장 필드,"@map(""consumed_by_auth_user_id"") @db.Uuid",
OAuthOnboardingIntent,oauth_onboarding_intents,createdAt,created_at,DateTime,아니요,저장 필드,"@default(now()) @map(""created_at"") @db.Timestamptz(6)",
OAuthOnboardingIntent,oauth_onboarding_intents,updatedAt,updated_at,DateTime,아니요,저장 필드,"@updatedAt @map(""updated_at"") @db.Timestamptz(6)",
OAuthOnboardingIntent,oauth_onboarding_intents,academy,academy,Academy,아니요,관계 접근자,"@relation(fields: [academyId], references: [id], onDelete: Cascade)",
AcademySlugHistory,academy_slug_history,slug,slug,String,아니요,저장 필드,@id,
AcademySlugHistory,academy_slug_history,academyId,academy_id,String,아니요,저장 필드,"@map(""academy_id"") @db.Uuid",
AcademySlugHistory,academy_slug_history,retiredAt,retired_at,DateTime,아니요,저장 필드,"@default(now()) @map(""retired_at"") @db.Timestamptz(6)",
AcademySlugHistory,academy_slug_history,academy,academy,Academy,아니요,관계 접근자,"@relation(fields: [academyId], references: [id], onDelete: Cascade)",
AcademyMembership,academy_memberships,helpRequestsAsStudent,helpRequestsAsStudent,StudentHelpRequest[],아니요,관계 접근자,"@relation(""HelpRequestStudent"")",
AcademyMembership,academy_memberships,helpRequestsAsTeacher,helpRequestsAsTeacher,StudentHelpRequest[],아니요,관계 접근자,"@relation(""HelpRequestTeacher"")",
AcademyMembership,academy_memberships,id,id,String,아니요,저장 필드,@id @default(uuid()) @db.Uuid,
AcademyMembership,academy_memberships,academyId,academy_id,String,아니요,저장 필드,"@map(""academy_id"") @db.Uuid",
AcademyMembership,academy_memberships,userId,user_id,String,아니요,저장 필드,"@map(""user_id"") @db.Uuid",
AcademyMembership,academy_memberships,role,role,AcademyRole,아니요,저장 필드,,
AcademyMembership,academy_memberships,status,status,MembershipStatus,아니요,저장 필드,@default(INVITED),
AcademyMembership,academy_memberships,invitedByUserId,invited_by_user_id,String?,예,저장 필드,"@map(""invited_by_user_id"") @db.Uuid",
AcademyMembership,academy_memberships,approvedByUserId,approved_by_user_id,String?,예,저장 필드,"@map(""approved_by_user_id"") @db.Uuid",
AcademyMembership,academy_memberships,joinedAt,joined_at,DateTime?,예,저장 필드,"@map(""joined_at"") @db.Timestamptz(6)",
AcademyMembership,academy_memberships,suspendedAt,suspended_at,DateTime?,예,저장 필드,"@map(""suspended_at"") @db.Timestamptz(6)",
AcademyMembership,academy_memberships,createdAt,created_at,DateTime,아니요,저장 필드,"@default(now()) @map(""created_at"") @db.Timestamptz(6)",
AcademyMembership,academy_memberships,updatedAt,updated_at,DateTime,아니요,저장 필드,"@updatedAt @map(""updated_at"") @db.Timestamptz(6)",
AcademyMembership,academy_memberships,academy,academy,Academy,아니요,관계 접근자,"@relation(fields: [academyId], references: [id], onDelete: Cascade)",
AcademyMembership,academy_memberships,user,user,User,아니요,관계 접근자,"@relation(fields: [userId], references: [id], onDelete: Cascade)",
AcademyMembership,academy_memberships,extraRoles,extraRoles,AcademyMembershipRole[],아니요,관계 접근자,,
AcademyMembership,academy_memberships,invitedBy,invitedBy,User?,예,관계 접근자,"@relation(""MembershipInviter"", fields: [invitedByUserId], references: [id], onDelete: SetNull)",
AcademyMembership,academy_memberships,approvedBy,approvedBy,User?,예,관계 접근자,"@relation(""MembershipApprover"", fields: [approvedByUserId], references: [id], onDelete: SetNull)",
AcademyMembership,academy_memberships,classEnrollments,classEnrollments,ClassEnrollment[],아니요,관계 접근자,,
AcademyMembership,academy_memberships,assignedClasses,assignedClasses,Class[],아니요,관계 접근자,"@relation(""ClassTeacher"")",
AcademyMembership,academy_memberships,assistedClasses,assistedClasses,ClassAssistantTeacher[],아니요,관계 접근자,"@relation(""ClassAssistantTeacher"")",
AcademyMembership,academy_memberships,monitoringVisitsAsTeacher,monitoringVisitsAsTeacher,TeacherMonitoringVisit[],아니요,관계 접근자,"@relation(""MonitoringVisitTeacher"")",
AcademyMembership,academy_memberships,monitoringVisitsAsStudent,monitoringVisitsAsStudent,TeacherMonitoringVisit[],아니요,관계 접근자,"@relation(""MonitoringVisitStudent"")",
AcademyMembership,academy_memberships,feedbackAuthored,feedbackAuthored,TeacherFeedback[],아니요,관계 접근자,"@relation(""TeacherFeedbackAuthor"")",
AcademyMembership,academy_memberships,feedbackReceived,feedbackReceived,TeacherFeedback[],아니요,관계 접근자,"@relation(""TeacherFeedbackRecipient"")",
AcademyMembership,academy_memberships,learningDays,learningDays,StudentCourseLearningDay[],아니요,관계 접근자,,
AcademyMembership,academy_memberships,classLearningDays,classLearningDays,StudentClassCourseLearningDay[],아니요,관계 접근자,,
AcademyMembership,academy_memberships,pointAwards,pointAwards,PointAward[],아니요,관계 접근자,,
AcademyMembership,academy_memberships,pointBalance,pointBalance,StudentPointBalance?,예,관계 접근자,,
AcademyMembership,academy_memberships,memberProfile,memberProfile,AcademyMemberProfile?,예,관계 접근자,,
AcademyMembership,academy_memberships,studentProfile,studentProfile,StudentAcademyProfile?,예,관계 접근자,,
AcademyMembership,academy_memberships,staffProfile,staffProfile,StaffAcademyProfile?,예,관계 접근자,,
AcademyMembershipRole,academy_membership_roles,id,id,String,아니요,저장 필드,@id @default(uuid()) @db.Uuid,
AcademyMembershipRole,academy_membership_roles,membershipId,membership_id,String,아니요,저장 필드,"@map(""membership_id"") @db.Uuid",
AcademyMembershipRole,academy_membership_roles,role,role,AcademyRole,아니요,저장 필드,,
AcademyMembershipRole,academy_membership_roles,grantedByUserId,granted_by_user_id,String?,예,저장 필드,"@map(""granted_by_user_id"") @db.Uuid",
AcademyMembershipRole,academy_membership_roles,grantedAt,granted_at,DateTime,아니요,저장 필드,"@default(now()) @map(""granted_at"") @db.Timestamptz(6)",
AcademyMembershipRole,academy_membership_roles,membership,membership,AcademyMembership,아니요,관계 접근자,"@relation(fields: [membershipId], references: [id], onDelete: Cascade)",
AcademyMembershipRole,academy_membership_roles,grantedBy,grantedBy,User?,예,관계 접근자,"@relation(""MembershipRoleGranter"", fields: [grantedByUserId], references: [id], onDelete: SetNull)",
StudentIssuedCredential,student_issued_credentials,id,id,String,아니요,저장 필드,@id @default(uuid()) @db.Uuid,
StudentIssuedCredential,student_issued_credentials,userId,user_id,String,아니요,저장 필드,"@unique @map(""user_id"") @db.Uuid",
StudentIssuedCredential,student_issued_credentials,academyId,academy_id,String,아니요,저장 필드,"@map(""academy_id"") @db.Uuid",
StudentIssuedCredential,student_issued_credentials,ciphertext,ciphertext,Bytes,아니요,저장 필드,,
StudentIssuedCredential,student_issued_credentials,iv,iv,Bytes,아니요,저장 필드,,
StudentIssuedCredential,student_issued_credentials,authTag,auth_tag,Bytes,아니요,저장 필드,"@map(""auth_tag"")",
StudentIssuedCredential,student_issued_credentials,keyVersion,key_version,Int,아니요,저장 필드,"@default(1) @map(""key_version"")",
StudentIssuedCredential,student_issued_credentials,visiblePrefix,visible_prefix,String,아니요,저장 필드,"@map(""visible_prefix"")","마스킹 표시를 위한 앞부분 문자이며 평문으로 저장합니다. 관리자 화면의 hae•••••••와 같이 자격 증명을 노출하지 않고 식별하기 위한 값으로, 표시할 때 복호화가 필요하지 않습니다."
StudentIssuedCredential,student_issued_credentials,length,length,Int,아니요,저장 필드,,
StudentIssuedCredential,student_issued_credentials,issuedByUserId,issued_by_user_id,String,아니요,저장 필드,"@map(""issued_by_user_id"") @db.Uuid",
StudentIssuedCredential,student_issued_credentials,issuedAt,issued_at,DateTime,아니요,저장 필드,"@default(now()) @map(""issued_at"") @db.Timestamptz(6)",
StudentIssuedCredential,student_issued_credentials,revealCount,reveal_count,Int,아니요,저장 필드,"@default(0) @map(""reveal_count"")",비밀번호를 다시 조회한 횟수입니다. 관리자에게 공개 버튼 옆에 표시합니다. 조회 횟수와 행위자를 추적하여 편의를 위한 조회가 무분별하게 사용되지 않도록 합니다.
StudentIssuedCredential,student_issued_credentials,lastRevealedAt,last_revealed_at,DateTime?,예,저장 필드,"@map(""last_revealed_at"") @db.Timestamptz(6)",
StudentIssuedCredential,student_issued_credentials,user,user,User,아니요,관계 접근자,"@relation(""IssuedCredentialHolder"", fields: [userId], references: [id], onDelete: Cascade)",
StudentIssuedCredential,student_issued_credentials,academy,academy,Academy,아니요,관계 접근자,"@relation(fields: [academyId], references: [id], onDelete: Cascade)",
StudentIssuedCredential,student_issued_credentials,issuedBy,issuedBy,User,아니요,관계 접근자,"@relation(""IssuedCredentialIssuer"", fields: [issuedByUserId], references: [id], onDelete: Restrict)",
AcademyInvitation,academy_invitations,id,id,String,아니요,저장 필드,@id @default(uuid()) @db.Uuid,
AcademyInvitation,academy_invitations,academyId,academy_id,String,아니요,저장 필드,"@map(""academy_id"") @db.Uuid",
AcademyInvitation,academy_invitations,email,email,String,아니요,저장 필드,,
AcademyInvitation,academy_invitations,role,role,AcademyRole,아니요,저장 필드,,
AcademyInvitation,academy_invitations,tokenHash,token_hash,String,아니요,저장 필드,"@unique @map(""token_hash"")",
AcademyInvitation,academy_invitations,displayNameHint,display_name_hint,String?,예,저장 필드,"@map(""display_name_hint"")",가져오기에서 제안된 이름입니다. 지시가 아닌 힌트이며 계정은 학원 소유가 아니므로 전역 이름을 바꾸지 않습니다. 초대 수락 시 수신자가 직접 설정한 값이 없을 때만 학원별 표시 이름의 초기값으로 사용합니다.
AcademyInvitation,academy_invitations,status,status,InvitationStatus,아니요,저장 필드,@default(PENDING),
AcademyInvitation,academy_invitations,expiresAt,expires_at,DateTime,아니요,저장 필드,"@map(""expires_at"") @db.Timestamptz(6)",
AcademyInvitation,academy_invitations,invitedByUserId,invited_by_user_id,String,아니요,저장 필드,"@map(""invited_by_user_id"") @db.Uuid",
AcademyInvitation,academy_invitations,acceptedByUserId,accepted_by_user_id,String?,예,저장 필드,"@map(""accepted_by_user_id"") @db.Uuid",
AcademyInvitation,academy_invitations,acceptedAt,accepted_at,DateTime?,예,저장 필드,"@map(""accepted_at"") @db.Timestamptz(6)",
AcademyInvitation,academy_invitations,revokedAt,revoked_at,DateTime?,예,저장 필드,"@map(""revoked_at"") @db.Timestamptz(6)",
AcademyInvitation,academy_invitations,createdAt,created_at,DateTime,아니요,저장 필드,"@default(now()) @map(""created_at"") @db.Timestamptz(6)",
AcademyInvitation,academy_invitations,updatedAt,updated_at,DateTime,아니요,저장 필드,"@updatedAt @map(""updated_at"") @db.Timestamptz(6)",
AcademyInvitation,academy_invitations,academy,academy,Academy,아니요,관계 접근자,"@relation(fields: [academyId], references: [id], onDelete: Cascade)",
AcademyInvitation,academy_invitations,invitedBy,invitedBy,User,아니요,관계 접근자,"@relation(""InvitationCreator"", fields: [invitedByUserId], references: [id], onDelete: Restrict)",
AcademyInvitation,academy_invitations,acceptedBy,acceptedBy,User?,예,관계 접근자,"@relation(""InvitationAcceptor"", fields: [acceptedByUserId], references: [id], onDelete: SetNull)",
AcademyInvitation,academy_invitations,deliveryAttempts,deliveryAttempts,InvitationDeliveryAttempt[],아니요,관계 접근자,,
AcademyMedia,academy_media,id,id,String,아니요,저장 필드,@id @default(uuid()) @db.Uuid,
AcademyMedia,academy_media,academyId,academy_id,String,아니요,저장 필드,"@map(""academy_id"") @db.Uuid",
AcademyMedia,academy_media,assetId,asset_id,String,아니요,저장 필드,"@map(""asset_id"") @db.Uuid",
AcademyMedia,academy_media,kind,kind,AcademyMediaKind,아니요,저장 필드,,
AcademyMedia,academy_media,position,position,Int,아니요,저장 필드,@default(0),갤러리 순서입니다. 표지는 항상 0으로 두어 아래 고유 제약만으로 표지 최대 1개를 보장합니다.
AcademyMedia,academy_media,altText,alt_text,String?,예,저장 필드,"@map(""alt_text"")",관리자가 장식용 이미지로 명시하지 않았다면 필수입니다.
AcademyMedia,academy_media,isDecorative,is_decorative,Boolean,아니요,저장 필드,"@default(false) @map(""is_decorative"")",
AcademyMedia,academy_media,createdAt,created_at,DateTime,아니요,저장 필드,"@default(now()) @map(""created_at"") @db.Timestamptz(6)",
AcademyMedia,academy_media,updatedAt,updated_at,DateTime,아니요,저장 필드,"@updatedAt @map(""updated_at"") @db.Timestamptz(6)",
AcademyMedia,academy_media,academy,academy,Academy,아니요,관계 접근자,"@relation(fields: [academyId], references: [id], onDelete: Cascade)",
AcademyMedia,academy_media,asset,asset,MediaAsset,아니요,관계 접근자,"@relation(""AcademyMedia"", fields: [assetId], references: [id], onDelete: Restrict)",
PeopleImportSession,people_import_sessions,id,id,String,아니요,저장 필드,@id @default(uuid()) @db.Uuid,
PeopleImportSession,people_import_sessions,academyId,academy_id,String,아니요,저장 필드,"@map(""academy_id"") @db.Uuid",
PeopleImportSession,people_import_sessions,actorUserId,actor_user_id,String,아니요,저장 필드,"@map(""actor_user_id"") @db.Uuid",
PeopleImportSession,people_import_sessions,originalFilename,original_filename,String,아니요,저장 필드,"@map(""original_filename"")",
PeopleImportSession,people_import_sessions,checksumSha256,checksum_sha256,String,아니요,저장 필드,"@map(""checksum_sha256"")",업로드 바이트의 SHA-256입니다. 같은 세션 유효 기간 안에서 동일 파일을 두 번 올리면 같은 세션으로 취급합니다.
PeopleImportSession,people_import_sessions,status,status,PeopleImportStatus,아니요,저장 필드,@default(PREVIEW_READY),
PeopleImportSession,people_import_sessions,totalRows,total_rows,Int,아니요,저장 필드,"@map(""total_rows"")",
PeopleImportSession,people_import_sessions,readyRows,ready_rows,Int,아니요,저장 필드,"@map(""ready_rows"")",
PeopleImportSession,people_import_sessions,warningRows,warning_rows,Int,아니요,저장 필드,"@map(""warning_rows"")",
PeopleImportSession,people_import_sessions,errorRows,error_rows,Int,아니요,저장 필드,"@map(""error_rows"")",
PeopleImportSession,people_import_sessions,preview,preview,Json,아니요,저장 필드,,정규화된 행과 행별 판정입니다. 최대 500행 제한을 적용합니다.
PeopleImportSession,people_import_sessions,capturedPeopleRevision,captured_people_revision,Int,아니요,저장 필드,"@map(""captured_people_revision"")",
PeopleImportSession,people_import_sessions,expiresAt,expires_at,DateTime,아니요,저장 필드,"@map(""expires_at"") @db.Timestamptz(6)",
PeopleImportSession,people_import_sessions,idempotencyKey,idempotency_key,String,아니요,저장 필드,"@map(""idempotency_key"")",학원별 고유 키입니다. 확정 재시도는 원래 결과를 반환하여 초대를 중복 발송하지 않습니다.
PeopleImportSession,people_import_sessions,committedAt,committed_at,DateTime?,예,저장 필드,"@map(""committed_at"") @db.Timestamptz(6)",
PeopleImportSession,people_import_sessions,result,result,Json?,예,저장 필드,,확정 시 기록하며 CSV로 내려받을 수 있는 행별 처리 결과입니다.
PeopleImportSession,people_import_sessions,failureCode,failure_code,String?,예,저장 필드,"@map(""failure_code"")",
PeopleImportSession,people_import_sessions,createdAt,created_at,DateTime,아니요,저장 필드,"@default(now()) @map(""created_at"") @db.Timestamptz(6)",
PeopleImportSession,people_import_sessions,updatedAt,updated_at,DateTime,아니요,저장 필드,"@updatedAt @map(""updated_at"") @db.Timestamptz(6)",
PeopleImportSession,people_import_sessions,academy,academy,Academy,아니요,관계 접근자,"@relation(fields: [academyId], references: [id], onDelete: Cascade)",
PeopleImportSession,people_import_sessions,actor,actor,User,아니요,관계 접근자,"@relation(""PeopleImportActor"", fields: [actorUserId], references: [id], onDelete: Restrict)",
ContentImportSession,content_import_sessions,id,id,String,아니요,저장 필드,@id @default(uuid()) @db.Uuid,
ContentImportSession,content_import_sessions,academyId,academy_id,String,아니요,저장 필드,"@map(""academy_id"") @db.Uuid",
ContentImportSession,content_import_sessions,courseId,course_id,String,아니요,저장 필드,"@map(""course_id"") @db.Uuid",
ContentImportSession,content_import_sessions,actorUserId,actor_user_id,String,아니요,저장 필드,"@map(""actor_user_id"") @db.Uuid",
ContentImportSession,content_import_sessions,originalFilename,original_filename,String,아니요,저장 필드,"@map(""original_filename"")",
ContentImportSession,content_import_sessions,checksumSha256,checksum_sha256,String,아니요,저장 필드,"@map(""checksum_sha256"")",감사 추적용 업로드 바이트 SHA-256입니다. 원본 통합 문서에는 비공개 기대 출력과 문제 본문이 있으므로 저장하지 않습니다. 체크섬으로 원본 내용을 보관하지 않고 동일 파일 여부를 확인합니다.
ContentImportSession,content_import_sessions,templateVersion,template_version,Int,아니요,저장 필드,"@map(""template_version"")",
ContentImportSession,content_import_sessions,status,status,ContentImportStatus,아니요,저장 필드,@default(PREVIEW_READY),
ContentImportSession,content_import_sessions,createCount,create_count,Int,아니요,저장 필드,"@map(""create_count"")",
ContentImportSession,content_import_sessions,updateCount,update_count,Int,아니요,저장 필드,"@map(""update_count"")",
ContentImportSession,content_import_sessions,unchangedCount,unchanged_count,Int,아니요,저장 필드,"@map(""unchanged_count"")",
ContentImportSession,content_import_sessions,warningCount,warning_count,Int,아니요,저장 필드,"@map(""warning_count"")",
ContentImportSession,content_import_sessions,conflictCount,conflict_count,Int,아니요,저장 필드,"@map(""conflict_count"")",
ContentImportSession,content_import_sessions,errorCount,error_count,Int,아니요,저장 필드,"@map(""error_count"")",
ContentImportSession,content_import_sessions,plan,plan,Json,아니요,저장 필드,,팀장이 검토한 그대로의 예정 작업입니다. 문제 최대 200개와 판독기의 셀별 제한을 적용합니다.
ContentImportSession,content_import_sessions,capturedContentRevision,captured_content_revision,Int,아니요,저장 필드,"@map(""captured_content_revision"")",§9.2: 계획 계산에 사용한 강좌 리비전입니다.
ContentImportSession,content_import_sessions,expiresAt,expires_at,DateTime,아니요,저장 필드,"@map(""expires_at"") @db.Timestamptz(6)",
ContentImportSession,content_import_sessions,idempotencyKey,idempotency_key,String,아니요,저장 필드,"@map(""idempotency_key"")",강좌별 고유 키입니다. 확정 재시도 시 기존 결과를 반환하여 통합 문서를 중복 가져오지 않습니다.
ContentImportSession,content_import_sessions,committedAt,committed_at,DateTime?,예,저장 필드,"@map(""committed_at"") @db.Timestamptz(6)",
ContentImportSession,content_import_sessions,result,result,Json?,예,저장 필드,,확정 작업이 실제로 수행한 내용이며 결과 화면에서 연결하는 ID를 포함합니다.
ContentImportSession,content_import_sessions,failureCode,failure_code,String?,예,저장 필드,"@map(""failure_code"")",
ContentImportSession,content_import_sessions,createdAt,created_at,DateTime,아니요,저장 필드,"@default(now()) @map(""created_at"") @db.Timestamptz(6)",
ContentImportSession,content_import_sessions,updatedAt,updated_at,DateTime,아니요,저장 필드,"@updatedAt @map(""updated_at"") @db.Timestamptz(6)",
ContentImportSession,content_import_sessions,academy,academy,Academy,아니요,관계 접근자,"@relation(fields: [academyId], references: [id], onDelete: Cascade)",
ContentImportSession,content_import_sessions,course,course,Course,아니요,관계 접근자,"@relation(fields: [courseId], references: [id], onDelete: Cascade)",
ContentImportSession,content_import_sessions,actor,actor,User,아니요,관계 접근자,"@relation(""ContentImportActor"", fields: [actorUserId], references: [id], onDelete: Restrict)",
PeopleBulkOperation,people_bulk_operations,id,id,String,아니요,저장 필드,@id @default(uuid()) @db.Uuid,
PeopleBulkOperation,people_bulk_operations,academyId,academy_id,String,아니요,저장 필드,"@map(""academy_id"") @db.Uuid",
PeopleBulkOperation,people_bulk_operations,actorUserId,actor_user_id,String,아니요,저장 필드,"@map(""actor_user_id"") @db.Uuid",
PeopleBulkOperation,people_bulk_operations,kind,kind,PeopleBulkKind,아니요,저장 필드,,
PeopleBulkOperation,people_bulk_operations,selection,selection,Json,아니요,저장 필드,,정규화된 선택입니다. 명시적 ID 목록 또는 필터와 제외 목록으로 표현합니다.
PeopleBulkOperation,people_bulk_operations,requestedCount,requested_count,Int,아니요,저장 필드,"@map(""requested_count"")",
PeopleBulkOperation,people_bulk_operations,succeededCount,succeeded_count,Int,아니요,저장 필드,"@default(0) @map(""succeeded_count"")",
PeopleBulkOperation,people_bulk_operations,failedCount,failed_count,Int,아니요,저장 필드,"@default(0) @map(""failed_count"")",
PeopleBulkOperation,people_bulk_operations,status,status,PeopleBulkStatus,아니요,저장 필드,@default(PENDING),
PeopleBulkOperation,people_bulk_operations,idempotencyKey,idempotency_key,String,아니요,저장 필드,"@map(""idempotency_key"")",
PeopleBulkOperation,people_bulk_operations,result,result,Json?,예,저장 필드,,내려받을 결과에 사용하는 대상별 처리 결과입니다.
PeopleBulkOperation,people_bulk_operations,failureCode,failure_code,String?,예,저장 필드,"@map(""failure_code"")",
PeopleBulkOperation,people_bulk_operations,createdAt,created_at,DateTime,아니요,저장 필드,"@default(now()) @map(""created_at"") @db.Timestamptz(6)",
PeopleBulkOperation,people_bulk_operations,updatedAt,updated_at,DateTime,아니요,저장 필드,"@updatedAt @map(""updated_at"") @db.Timestamptz(6)",
PeopleBulkOperation,people_bulk_operations,academy,academy,Academy,아니요,관계 접근자,"@relation(fields: [academyId], references: [id], onDelete: Cascade)",
PeopleBulkOperation,people_bulk_operations,actor,actor,User,아니요,관계 접근자,"@relation(""PeopleBulkActor"", fields: [actorUserId], references: [id], onDelete: Restrict)",
InvitationDeliveryAttempt,invitation_delivery_attempts,id,id,String,아니요,저장 필드,@id @default(uuid()) @db.Uuid,
InvitationDeliveryAttempt,invitation_delivery_attempts,invitationId,invitation_id,String,아니요,저장 필드,"@map(""invitation_id"") @db.Uuid",
InvitationDeliveryAttempt,invitation_delivery_attempts,attemptNumber,attempt_number,Int,아니요,저장 필드,"@map(""attempt_number"")",
InvitationDeliveryAttempt,invitation_delivery_attempts,providerMessageId,provider_message_id,String?,예,저장 필드,"@map(""provider_message_id"")",전달 제공자가 메시지를 수락한 후 부여한 자체 ID입니다.
InvitationDeliveryAttempt,invitation_delivery_attempts,state,state,InvitationDeliveryState,아니요,저장 필드,@default(QUEUED),
InvitationDeliveryAttempt,invitation_delivery_attempts,failureCode,failure_code,String?,예,저장 필드,"@map(""failure_code"")",
InvitationDeliveryAttempt,invitation_delivery_attempts,queuedAt,queued_at,DateTime,아니요,저장 필드,"@default(now()) @map(""queued_at"") @db.Timestamptz(6)",
InvitationDeliveryAttempt,invitation_delivery_attempts,sentAt,sent_at,DateTime?,예,저장 필드,"@map(""sent_at"") @db.Timestamptz(6)",
InvitationDeliveryAttempt,invitation_delivery_attempts,deliveredAt,delivered_at,DateTime?,예,저장 필드,"@map(""delivered_at"") @db.Timestamptz(6)",
InvitationDeliveryAttempt,invitation_delivery_attempts,failedAt,failed_at,DateTime?,예,저장 필드,"@map(""failed_at"") @db.Timestamptz(6)",
InvitationDeliveryAttempt,invitation_delivery_attempts,lastEventKey,last_event_key,String?,예,저장 필드,"@unique @map(""last_event_key"")",이 전달 시도를 마지막으로 변경한 제공자 이벤트입니다. 고유 제약으로 중복 전달된 웹훅이 상태를 한 번만 진행시키도록 합니다.
InvitationDeliveryAttempt,invitation_delivery_attempts,createdAt,created_at,DateTime,아니요,저장 필드,"@default(now()) @map(""created_at"") @db.Timestamptz(6)",
InvitationDeliveryAttempt,invitation_delivery_attempts,updatedAt,updated_at,DateTime,아니요,저장 필드,"@updatedAt @map(""updated_at"") @db.Timestamptz(6)",
InvitationDeliveryAttempt,invitation_delivery_attempts,invitation,invitation,AcademyInvitation,아니요,관계 접근자,"@relation(fields: [invitationId], references: [id], onDelete: Cascade)",
AcademyJoinRequest,academy_join_requests,id,id,String,아니요,저장 필드,@id @default(uuid()) @db.Uuid,
AcademyJoinRequest,academy_join_requests,academyId,academy_id,String,아니요,저장 필드,"@map(""academy_id"") @db.Uuid",
AcademyJoinRequest,academy_join_requests,userId,user_id,String,아니요,저장 필드,"@map(""user_id"") @db.Uuid",
AcademyJoinRequest,academy_join_requests,message,message,String?,예,저장 필드,,
AcademyJoinRequest,academy_join_requests,status,status,JoinRequestStatus,아니요,저장 필드,@default(PENDING),
AcademyJoinRequest,academy_join_requests,requestedKind,requested_kind,JoinRequestKind,아니요,저장 필드,"@default(STUDENT) @map(""requested_kind"")",JoinRequestKind를 참조하십시오. 로비 도입 이전 행도 유형을 표시해야 하므로 null 대신 기본값을 지정합니다. 학생 유형이 일반적이며 두 유형 중 권한 범위도 좁습니다.
AcademyJoinRequest,academy_join_requests,approvedRole,approved_role,AcademyRole?,예,저장 필드,"@map(""approved_role"")",
AcademyJoinRequest,academy_join_requests,acknowledgedAt,acknowledged_at,DateTime?,예,저장 필드,"@map(""acknowledged_at"") @db.Timestamptz(6)",신청자가 이 결정의 알림을 닫은 시각입니다. 읽기 전에는 null이며 알림 점을 표시합니다. 별도 알림 행을 만들지 않고 이 행을 표시하므로 검토가 만든 멤버십과 불일치하거나 재시도로 중복되지 않으며 기존 신청에도 바로 적용됩니다.
AcademyJoinRequest,academy_join_requests,reviewedByUserId,reviewed_by_user_id,String?,예,저장 필드,"@map(""reviewed_by_user_id"") @db.Uuid",
AcademyJoinRequest,academy_join_requests,reviewedAt,reviewed_at,DateTime?,예,저장 필드,"@map(""reviewed_at"") @db.Timestamptz(6)",
AcademyJoinRequest,academy_join_requests,reviewReason,review_reason,String?,예,저장 필드,"@map(""review_reason"")",
AcademyJoinRequest,academy_join_requests,createdAt,created_at,DateTime,아니요,저장 필드,"@default(now()) @map(""created_at"") @db.Timestamptz(6)",
AcademyJoinRequest,academy_join_requests,updatedAt,updated_at,DateTime,아니요,저장 필드,"@updatedAt @map(""updated_at"") @db.Timestamptz(6)",
AcademyJoinRequest,academy_join_requests,academy,academy,Academy,아니요,관계 접근자,"@relation(fields: [academyId], references: [id], onDelete: Cascade)",
AcademyJoinRequest,academy_join_requests,user,user,User,아니요,관계 접근자,"@relation(""JoinRequester"", fields: [userId], references: [id], onDelete: Cascade)",
AcademyJoinRequest,academy_join_requests,reviewedBy,reviewedBy,User?,예,관계 접근자,"@relation(""JoinReviewer"", fields: [reviewedByUserId], references: [id], onDelete: SetNull)",
AuditLog,audit_logs,id,id,String,아니요,저장 필드,@id @default(uuid()) @db.Uuid,
AuditLog,audit_logs,actorUserId,actor_user_id,String?,예,저장 필드,"@map(""actor_user_id"") @db.Uuid",
AuditLog,audit_logs,academyId,academy_id,String?,예,저장 필드,"@map(""academy_id"") @db.Uuid",
AuditLog,audit_logs,action,action,String,아니요,저장 필드,,
AuditLog,audit_logs,targetType,target_type,String,아니요,저장 필드,"@map(""target_type"")",
AuditLog,audit_logs,targetId,target_id,String?,예,저장 필드,"@map(""target_id"")",
AuditLog,audit_logs,before,before,Json?,예,저장 필드,,
AuditLog,audit_logs,after,after,Json?,예,저장 필드,,
AuditLog,audit_logs,requestId,request_id,String?,예,저장 필드,"@map(""request_id"")",
AuditLog,audit_logs,ipAddress,ip_address,String?,예,저장 필드,"@map(""ip_address"")",
AuditLog,audit_logs,userAgent,user_agent,String?,예,저장 필드,"@map(""user_agent"")",
AuditLog,audit_logs,reason,reason,String?,예,저장 필드,,
AuditLog,audit_logs,createdAt,created_at,DateTime,아니요,저장 필드,"@default(now()) @map(""created_at"") @db.Timestamptz(6)",
AuditLog,audit_logs,supportGrantId,support_grant_id,String?,예,저장 필드,"@map(""support_grant_id"") @db.Uuid","지원 권한으로 수행한 행위인 경우 해당 권한 부여 ID입니다. 일반 행위는 null입니다. AcademyAccessService가 via: ""support""를 반환한 상태에서 수행하는 모든 쓰기에 설정하여 플랫폼 권한 페이지와 학원 감사 페이지가 같은 수정 이력을 표시하도록 합니다."
AuditLog,audit_logs,actor,actor,User?,예,관계 접근자,"@relation(""AuditActor"", fields: [actorUserId], references: [id], onDelete: SetNull)",
AuditLog,audit_logs,academy,academy,Academy?,예,관계 접근자,"@relation(fields: [academyId], references: [id], onDelete: SetNull)",
AuditLog,audit_logs,supportGrant,supportGrant,PlatformSupportGrant?,예,관계 접근자,"@relation(fields: [supportGrantId], references: [id], onDelete: SetNull)",
PlatformSupportGrant,platform_support_grants,id,id,String,아니요,저장 필드,@id @default(uuid()) @db.Uuid,
PlatformSupportGrant,platform_support_grants,academyId,academy_id,String,아니요,저장 필드,"@map(""academy_id"") @db.Uuid",
PlatformSupportGrant,platform_support_grants,adminUserId,admin_user_id,String,아니요,저장 필드,"@map(""admin_user_id"") @db.Uuid",
PlatformSupportGrant,platform_support_grants,assumedRole,assumed_role,AcademyRole,아니요,저장 필드,"@map(""assumed_role"")",지원 권한이 유효할 때 사용할 역할의 권한 집합입니다. ManagerScopeService와 LeadScopeService는 권한 검사 후 정확한 역할도 확인하므로 필수입니다. 권한만 있고 역할이 없으면 학원 기능 일부만 열리고 나머지는 거절됩니다.
PlatformSupportGrant,platform_support_grants,readOnly,read_only,Boolean,아니요,저장 필드,"@default(true) @map(""read_only"")",기본값은 true입니다. false는 접근 범위를 넓히므로 운영자가 명시적으로 선택해야 합니다.
PlatformSupportGrant,platform_support_grants,allowMonitoring,allow_monitoring,Boolean,아니요,저장 필드,"@default(false) @map(""allow_monitoring"")",지원 권한별 명시적 선택 항목입니다. 학생 편집기를 실시간 관찰하는 것은 저장된 제출 조회와 별개이며 TEACHER를 선택했다는 이유만으로 허용하지 않습니다.
PlatformSupportGrant,platform_support_grants,reason,reason,String,아니요,저장 필드,,필수 자유 입력 사유입니다. 학원이 자체 감사 페이지에서 읽으므로 운영자 내부 메모가 아닌 학원 독자를 위한 설명으로 작성합니다.
PlatformSupportGrant,platform_support_grants,startsAt,starts_at,DateTime,아니요,저장 필드,"@default(now()) @map(""starts_at"") @db.Timestamptz(6)",
PlatformSupportGrant,platform_support_grants,expiresAt,expires_at,DateTime,아니요,저장 필드,"@map(""expires_at"") @db.Timestamptz(6)",
PlatformSupportGrant,platform_support_grants,revokedAt,revoked_at,DateTime?,예,저장 필드,"@map(""revoked_at"") @db.Timestamptz(6)",
PlatformSupportGrant,platform_support_grants,revokedByUserId,revoked_by_user_id,String?,예,저장 필드,"@map(""revoked_by_user_id"") @db.Uuid",
PlatformSupportGrant,platform_support_grants,createdAt,created_at,DateTime,아니요,저장 필드,"@default(now()) @map(""created_at"") @db.Timestamptz(6)",
PlatformSupportGrant,platform_support_grants,academy,academy,Academy,아니요,관계 접근자,"@relation(fields: [academyId], references: [id], onDelete: Cascade)",
PlatformSupportGrant,platform_support_grants,admin,admin,User,아니요,관계 접근자,"@relation(""SupportGrantAdmin"", fields: [adminUserId], references: [id], onDelete: Restrict)",Course.createdBy와 동일한 Restrict입니다. 행이 운영자의 작업을 기록하는 동안 해당 계정을 제거할 수 없습니다.
PlatformSupportGrant,platform_support_grants,revokedBy,revokedBy,User?,예,관계 접근자,"@relation(""SupportGrantRevoker"", fields: [revokedByUserId], references: [id], onDelete: SetNull)",
PlatformSupportGrant,platform_support_grants,auditLogs,auditLogs,AuditLog[],아니요,관계 접근자,,
PlatformOperationRun,platform_operation_runs,id,id,String,아니요,저장 필드,@id @default(uuid()) @db.Uuid,
PlatformOperationRun,platform_operation_runs,academyId,academy_id,String,아니요,저장 필드,"@map(""academy_id"") @db.Uuid",
PlatformOperationRun,platform_operation_runs,operation,operation,PlatformOperation,아니요,저장 필드,,
PlatformOperationRun,platform_operation_runs,targetType,target_type,String,아니요,저장 필드,"@map(""target_type"")","운영 작업의 대상입니다. 현재는 ""material""과 자료 ID입니다. 이후 다른 테이블도 대상이 될 수 있어 특정 타입 관계 대신 두 열로 표현하며 AuditLog와 같은 구조를 사용합니다."
PlatformOperationRun,platform_operation_runs,targetId,target_id,String,아니요,저장 필드,"@map(""target_id"")",
PlatformOperationRun,platform_operation_runs,actorUserId,actor_user_id,String,아니요,저장 필드,"@map(""actor_user_id"") @db.Uuid",
PlatformOperationRun,platform_operation_runs,requestId,request_id,String?,예,저장 필드,"@map(""request_id"")",실행 요청의 ID이며 이 실행이 만드는 모든 작업에 전달하여 워커 로그에서 콘솔 작업을 찾을 수 있게 합니다. AuditLog.requestId와 동일하게 x-request-id에서 requestId()로 생성합니다.
PlatformOperationRun,platform_operation_runs,supportGrantId,support_grant_id,String?,예,저장 필드,"@map(""support_grant_id"") @db.Uuid",실행이 지원 권한으로 승인된 경우 해당 권한 부여 ID입니다. 채점기가 완료 감사 행을 쓰는 시점에는 요청 밖의 currentSupportGrantId()가 비어 있으므로 여기에 복사합니다. 이 열이 없으면 실행 요청에는 지원 권한이 귀속되지만 완료에는 귀속되지 않습니다.
PlatformOperationRun,platform_operation_runs,status,status,PlatformOperationStatus,아니요,저장 필드,@default(PLANNING),
PlatformOperationRun,platform_operation_runs,plannedCount,planned_count,Int,아니요,저장 필드,"@default(0) @map(""planned_count"")",확인 시점에 고정한 계획 결과입니다. plannedCount는 운영자가 동의한 수이고 아래 카운터는 실제 처리 결과입니다.
PlatformOperationRun,platform_operation_runs,studentCount,student_count,Int,아니요,저장 필드,"@default(0) @map(""student_count"")",
PlatformOperationRun,platform_operation_runs,dispatchedCount,dispatched_count,Int,아니요,저장 필드,"@default(0) @map(""dispatched_count"")",
PlatformOperationRun,platform_operation_runs,completedCount,completed_count,Int,아니요,저장 필드,"@default(0) @map(""completed_count"")",
PlatformOperationRun,platform_operation_runs,failedCount,failed_count,Int,아니요,저장 필드,"@default(0) @map(""failed_count"")",
PlatformOperationRun,platform_operation_runs,failureReason,failure_reason,String?,예,저장 필드,"@map(""failure_reason"")",
PlatformOperationRun,platform_operation_runs,createdAt,created_at,DateTime,아니요,저장 필드,"@default(now()) @map(""created_at"") @db.Timestamptz(6)",
PlatformOperationRun,platform_operation_runs,startedAt,started_at,DateTime?,예,저장 필드,"@map(""started_at"") @db.Timestamptz(6)",
PlatformOperationRun,platform_operation_runs,finishedAt,finished_at,DateTime?,예,저장 필드,"@map(""finished_at"") @db.Timestamptz(6)",
PlatformOperationRun,platform_operation_runs,academy,academy,Academy,아니요,관계 접근자,"@relation(fields: [academyId], references: [id], onDelete: Cascade)",
PlatformOperationRun,platform_operation_runs,actor,actor,User,아니요,관계 접근자,"@relation(""OperationRunActor"", fields: [actorUserId], references: [id], onDelete: Restrict)",PlatformSupportGrant.admin과 동일한 Restrict입니다. 행이 운영자의 작업을 기록하는 동안 해당 계정을 제거할 수 없습니다.
PlatformOperationRun,platform_operation_runs,submissions,submissions,Submission[],아니요,관계 접근자,,
Course,courses,id,id,String,아니요,저장 필드,@id @default(uuid()) @db.Uuid,
Course,courses,academyId,academy_id,String,아니요,저장 필드,"@map(""academy_id"") @db.Uuid",
Course,courses,title,title,String,아니요,저장 필드,,
Course,courses,description,description,String,아니요,저장 필드,"@default("""")",
Course,courses,isVisible,is_visible,Boolean,아니요,저장 필드,"@default(false) @map(""is_visible"")",
Course,courses,contentRevision,content_revision,Int,아니요,저장 필드,"@default(1) @map(""content_revision"")",강좌 콘텐츠의 모든 변경과 같은 트랜잭션에서 증가합니다. 하위 문제의 테스트 추가는 강좌 행의 updatedAt을 갱신하지 않으므로 해당 시각만으로 가져오기 미리보기 유효성을 판단할 수 없습니다. 미리보기와 브라우저가 리비전을 보존하고 확정 시 강좌 잠금 상태에서 다시 비교합니다.
Course,courses,sourceCourseId,source_course_id,String?,예,저장 필드,"@map(""source_course_id"") @db.Uuid",복사 원본 라이브러리 강좌이며 학원 자체 작성 강좌는 null입니다. SetNull 대신 Restrict를 사용해 복사본이 있는 원본 삭제를 거절하고 게시 중단을 안내합니다. 이 연결을 잃으면 학원 커리큘럼 출처 기록도 사라집니다.
Course,courses,sourceContentRevision,source_content_revision,Int?,예,저장 필드,"@map(""source_content_revision"")",복사 시점 원본의 contentRevision입니다. 원본의 현재 리비전과 비교하여 이후 본사 변경 여부를 판단합니다.
Course,courses,baselineRevision,baseline_revision,Int?,예,저장 필드,"@map(""baseline_revision"")",복사 트랜잭션 직후 복사본 자체의 contentRevision입니다. 이후 증가분은 학원 편집입니다. 복사 과정의 리비전 증가 방식이 바뀌어도 모든 복사본을 수정됨으로 오판하지 않도록 1로 가정하지 않고 실제 값을 저장합니다.
Course,courses,retiredAt,retired_at,DateTime?,예,저장 필드,"@map(""retired_at"") @db.Timestamptz(6)",라이브러리 강좌에만 설정하는 게시 중단 시각입니다. 신규 복사를 막고 기존 복사본에 상태를 표시합니다. 일반 상태는 null입니다.
Course,courses,createdByUserId,created_by_user_id,String,아니요,저장 필드,"@map(""created_by_user_id"") @db.Uuid",
Course,courses,createdAt,created_at,DateTime,아니요,저장 필드,"@default(now()) @map(""created_at"") @db.Timestamptz(6)",
Course,courses,updatedAt,updated_at,DateTime,아니요,저장 필드,"@updatedAt @map(""updated_at"") @db.Timestamptz(6)",
Course,courses,academy,academy,Academy,아니요,관계 접근자,"@relation(fields: [academyId], references: [id], onDelete: Restrict)",
Course,courses,createdBy,createdBy,User,아니요,관계 접근자,"@relation(""CourseCreator"", fields: [createdByUserId], references: [id], onDelete: Restrict)",
Course,courses,sourceCourse,sourceCourse,Course?,예,관계 접근자,"@relation(""CourseSource"", fields: [sourceCourseId], references: [id], onDelete: Restrict)",
Course,courses,copies,copies,Course[],아니요,관계 접근자,"@relation(""CourseSource"")",
Course,courses,modules,modules,CourseModule[],아니요,관계 접근자,,
Course,courses,exerciseDrafts,exerciseDrafts,ExerciseDraft[],아니요,관계 접근자,,
Course,courses,submissions,submissions,Submission[],아니요,관계 접근자,,
Course,courses,classAssignments,classAssignments,ClassCourse[],아니요,관계 접근자,,
Course,courses,learningDays,learningDays,StudentCourseLearningDay[],아니요,관계 접근자,,
Course,courses,classLearningDays,classLearningDays,StudentClassCourseLearningDay[],아니요,관계 접근자,,
Course,courses,importSessions,importSessions,ContentImportSession[],아니요,관계 접근자,,
Class,classes,helpRequests,helpRequests,StudentHelpRequest[],아니요,관계 접근자,,
Class,classes,id,id,String,아니요,저장 필드,@id @default(uuid()) @db.Uuid,
Class,classes,academyId,academy_id,String,아니요,저장 필드,"@map(""academy_id"") @db.Uuid",
Class,classes,name,name,String,아니요,저장 필드,,
Class,classes,description,description,String,아니요,저장 필드,"@default("""")",
Class,classes,status,status,ClassStatus,아니요,저장 필드,@default(ACTIVE),
Class,classes,createdByUserId,created_by_user_id,String,아니요,저장 필드,"@map(""created_by_user_id"") @db.Uuid",
Class,classes,teacherMembershipId,teacher_membership_id,String?,예,저장 필드,"@map(""teacher_membership_id"") @db.Uuid",반을 책임지는 담임 강사 한 명이며 미배정 시 null입니다. 보조 강사는 assistantTeachers에 둡니다. 모니터링·포인트·학생의 담당 강사 표기는 한 명을 기준으로 합니다. 한 강사가 여러 반을 담당하므로 고유 제약을 두지 않습니다. 학원 범위와 역할을 명시하기 위해 사용자 대신 멤버십을 저장하지만 키만으로 같은 학원을 보장할 수 없어 모든 조회·쓰기에서 학원도 검사합니다.
Class,classes,archivedAt,archived_at,DateTime?,예,저장 필드,"@map(""archived_at"") @db.Timestamptz(6)",
Class,classes,createdAt,created_at,DateTime,아니요,저장 필드,"@default(now()) @map(""created_at"") @db.Timestamptz(6)",
Class,classes,updatedAt,updated_at,DateTime,아니요,저장 필드,"@updatedAt @map(""updated_at"") @db.Timestamptz(6)",강좌·명단 변경 시에도 갱신합니다. 관리 목록은 이름 변경뿐 아니라 모든 종류의 최근 변경을 표시합니다.
Class,classes,academy,academy,Academy,아니요,관계 접근자,"@relation(fields: [academyId], references: [id], onDelete: Restrict)",
Class,classes,createdBy,createdBy,User,아니요,관계 접근자,"@relation(""ClassCreator"", fields: [createdByUserId], references: [id], onDelete: Restrict)",
Class,classes,assignedTeacher,assignedTeacher,AcademyMembership?,예,관계 접근자,"@relation(""ClassTeacher"", fields: [teacherMembershipId], references: [id], onDelete: SetNull)",Cascade 대신 SetNull입니다. 멤버십 삭제 시 반을 유지하고 미배정으로 바꿉니다. 정지·역할 변경은 삭제하지 않으므로 유효하지 않은 배정은 관리자가 이용 불가 상태로 볼 수 있습니다.
Class,classes,assistantTeachers,assistantTeachers,ClassAssistantTeacher[],아니요,관계 접근자,,
Class,classes,courseAssignments,courseAssignments,ClassCourse[],아니요,관계 접근자,,
Class,classes,enrollments,enrollments,ClassEnrollment[],아니요,관계 접근자,,
Class,classes,scheduleSlots,scheduleSlots,ClassScheduleSlot[],아니요,관계 접근자,,
Class,classes,monitoringVisits,monitoringVisits,TeacherMonitoringVisit[],아니요,관계 접근자,,
Class,classes,teacherFeedback,teacherFeedback,TeacherFeedback[],아니요,관계 접근자,,
Class,classes,submissions,submissions,Submission[],아니요,관계 접근자,,
Class,classes,solveSessions,solveSessions,ExerciseSolveSession[],아니요,관계 접근자,,
Class,classes,learningDays,learningDays,StudentClassCourseLearningDay[],아니요,관계 접근자,,
Class,classes,pointAwards,pointAwards,PointAward[],아니요,관계 접근자,,
ClassAssistantTeacher,class_assistant_teachers,id,id,String,아니요,저장 필드,@id @default(uuid()) @db.Uuid,
ClassAssistantTeacher,class_assistant_teachers,classId,class_id,String,아니요,저장 필드,"@map(""class_id"") @db.Uuid",
ClassAssistantTeacher,class_assistant_teachers,membershipId,membership_id,String,아니요,저장 필드,"@map(""membership_id"") @db.Uuid",
ClassAssistantTeacher,class_assistant_teachers,createdAt,created_at,DateTime,아니요,저장 필드,"@default(now()) @map(""created_at"") @db.Timestamptz(6)",
ClassAssistantTeacher,class_assistant_teachers,class,class,Class,아니요,관계 접근자,"@relation(fields: [classId], references: [id], onDelete: Cascade)",
ClassAssistantTeacher,class_assistant_teachers,teacher,teacher,AcademyMembership,아니요,관계 접근자,"@relation(""ClassAssistantTeacher"", fields: [membershipId], references: [id], onDelete: Cascade)",담임 열의 SetNull과 달리 Cascade입니다. 담임 없는 반은 관리자가 수정해야 하는 상태이지만 삭제된 멤버십의 보조 강사 행은 의미가 없어 제거합니다.
ClassCourse,class_courses,classId,class_id,String,아니요,저장 필드,"@map(""class_id"") @db.Uuid",
ClassCourse,class_courses,courseId,course_id,String,아니요,저장 필드,"@map(""course_id"") @db.Uuid",
ClassCourse,class_courses,assignedByUserId,assigned_by_user_id,String,아니요,저장 필드,"@map(""assigned_by_user_id"") @db.Uuid",
ClassCourse,class_courses,assignedAt,assigned_at,DateTime,아니요,저장 필드,"@default(now()) @map(""assigned_at"") @db.Timestamptz(6)",
ClassCourse,class_courses,class,class,Class,아니요,관계 접근자,"@relation(fields: [classId], references: [id], onDelete: Cascade)",
ClassCourse,class_courses,course,course,Course,아니요,관계 접근자,"@relation(fields: [courseId], references: [id], onDelete: Cascade)",
ClassCourse,class_courses,assignedBy,assignedBy,User,아니요,관계 접근자,"@relation(""ClassCourseAssigner"", fields: [assignedByUserId], references: [id], onDelete: Restrict)",
ClassEnrollment,class_enrollments,classId,class_id,String,아니요,저장 필드,"@map(""class_id"") @db.Uuid",
ClassEnrollment,class_enrollments,membershipId,membership_id,String,아니요,저장 필드,"@map(""membership_id"") @db.Uuid",
ClassEnrollment,class_enrollments,enrolledByUserId,enrolled_by_user_id,String,아니요,저장 필드,"@map(""enrolled_by_user_id"") @db.Uuid",
ClassEnrollment,class_enrollments,enrolledAt,enrolled_at,DateTime,아니요,저장 필드,"@default(now()) @map(""enrolled_at"") @db.Timestamptz(6)",
ClassEnrollment,class_enrollments,lastLearningSeenAt,last_learning_seen_at,DateTime?,예,저장 필드,"@map(""last_learning_seen_at"") @db.Timestamptz(6)",오프라인 명단 표시에 사용하는 과거 맥락이며 학생당 최대 분당 한 번만 기록합니다. 타임스탬프만으로 닫힌 노트북과 열린 탭을 구분할 수 없으므로 접속 여부의 기준으로 사용하지 않습니다.
ClassEnrollment,class_enrollments,class,class,Class,아니요,관계 접근자,"@relation(fields: [classId], references: [id], onDelete: Cascade)",
ClassEnrollment,class_enrollments,membership,membership,AcademyMembership,아니요,관계 접근자,"@relation(fields: [membershipId], references: [id], onDelete: Cascade)",
ClassEnrollment,class_enrollments,enrolledBy,enrolledBy,User,아니요,관계 접근자,"@relation(""ClassEnroller"", fields: [enrolledByUserId], references: [id], onDelete: Restrict)",
CourseModule,course_modules,id,id,String,아니요,저장 필드,@id @default(uuid()) @db.Uuid,
CourseModule,course_modules,courseId,course_id,String,아니요,저장 필드,"@map(""course_id"") @db.Uuid",
CourseModule,course_modules,externalKey,external_key,String,아니요,저장 필드,"@map(""external_key"")",이름·순서 변경에도 유지하는 가져오기 식별 키입니다. 수동 생성 모듈에는 서버 UUID 키를 부여하고 내려받는 통합 문서에 표시하여 수동 작성 콘텐츠도 Excel에서 편집할 수 있게 합니다. 수동 생성 입력에는 이 필드가 없어 사용자가 입력한 키가 가져오기 키와 충돌하지 않습니다.
CourseModule,course_modules,title,title,String,아니요,저장 필드,,
CourseModule,course_modules,description,description,String,아니요,저장 필드,"@default("""")",
CourseModule,course_modules,position,position,Int,아니요,저장 필드,,
CourseModule,course_modules,isVisible,is_visible,Boolean,아니요,저장 필드,"@default(false) @map(""is_visible"")",숨긴 모듈은 커리큘럼에 남지만 학생에게 표시되지 않습니다.
CourseModule,course_modules,createdAt,created_at,DateTime,아니요,저장 필드,"@default(now()) @map(""created_at"") @db.Timestamptz(6)",
CourseModule,course_modules,updatedAt,updated_at,DateTime,아니요,저장 필드,"@updatedAt @map(""updated_at"") @db.Timestamptz(6)",
CourseModule,course_modules,course,course,Course,아니요,관계 접근자,"@relation(fields: [courseId], references: [id], onDelete: Cascade)",
CourseModule,course_modules,lectures,lectures,Lecture[],아니요,관계 접근자,,
Lecture,lectures,id,id,String,아니요,저장 필드,@id @default(uuid()) @db.Uuid,
Lecture,lectures,courseModuleId,course_module_id,String,아니요,저장 필드,"@map(""course_module_id"") @db.Uuid",
Lecture,lectures,externalKey,external_key,String,아니요,저장 필드,"@map(""external_key"")",가져오기 식별 키입니다. Problems 시트가 모듈 열 없이 강의를 참조하므로 모듈 내 고유성만으로는 모호할 수 있어 강좌 전체에서 고유해야 합니다.
Lecture,lectures,title,title,String,아니요,저장 필드,,
Lecture,lectures,description,description,String,아니요,저장 필드,"@default("""")",
Lecture,lectures,position,position,Int,아니요,저장 필드,,
Lecture,lectures,isVisible,is_visible,Boolean,아니요,저장 필드,"@default(false) @map(""is_visible"")",숨긴 강의는 커리큘럼에 남지만 학생에게 표시되지 않습니다.
Lecture,lectures,createdAt,created_at,DateTime,아니요,저장 필드,"@default(now()) @map(""created_at"") @db.Timestamptz(6)",
Lecture,lectures,updatedAt,updated_at,DateTime,아니요,저장 필드,"@updatedAt @map(""updated_at"") @db.Timestamptz(6)",
Lecture,lectures,courseModule,courseModule,CourseModule,아니요,관계 접근자,"@relation(fields: [courseModuleId], references: [id], onDelete: Cascade)",
Lecture,lectures,materials,materials,Material[],아니요,관계 접근자,,
Material,materials,helpRequests,helpRequests,StudentHelpRequest[],아니요,관계 접근자,,
Material,materials,id,id,String,아니요,저장 필드,@id @default(uuid()) @db.Uuid,
Material,materials,lectureId,lecture_id,String,아니요,저장 필드,"@map(""lecture_id"") @db.Uuid",
Material,materials,type,type,MaterialType,아니요,저장 필드,,
Material,materials,title,title,String,아니요,저장 필드,,
Material,materials,position,position,Int,아니요,저장 필드,,
Material,materials,isRequired,is_required,Boolean,아니요,저장 필드,"@default(true) @map(""is_required"")",
Material,materials,isVisible,is_visible,Boolean,아니요,저장 필드,"@default(false) @map(""is_visible"")",작업 이력을 유지하면서 개별 자료를 학생에게 숨깁니다.
Material,materials,createdAt,created_at,DateTime,아니요,저장 필드,"@default(now()) @map(""created_at"") @db.Timestamptz(6)",
Material,materials,updatedAt,updated_at,DateTime,아니요,저장 필드,"@updatedAt @map(""updated_at"") @db.Timestamptz(6)",
Material,materials,lecture,lecture,Lecture,아니요,관계 접근자,"@relation(fields: [lectureId], references: [id], onDelete: Cascade)",
Material,materials,programmingExercise,programmingExercise,ProgrammingExercise?,예,관계 접근자,,
Material,materials,drafts,drafts,ExerciseDraft[],아니요,관계 접근자,,
Material,materials,submissions,submissions,Submission[],아니요,관계 접근자,,
Material,materials,progress,progress,StudentExerciseProgress[],아니요,관계 접근자,,
Material,materials,monitoringVisits,monitoringVisits,TeacherMonitoringVisit[],아니요,관계 접근자,,
Material,materials,teacherFeedback,teacherFeedback,TeacherFeedback[],아니요,관계 접근자,,
Material,materials,solveSessions,solveSessions,ExerciseSolveSession[],아니요,관계 접근자,,
ProgrammingExercise,programming_exercises,materialId,material_id,String,아니요,저장 필드,"@id @map(""material_id"") @db.Uuid",
ProgrammingExercise,programming_exercises,externalKey,external_key,String,아니요,저장 필드,"@map(""external_key"")",
ProgrammingExercise,programming_exercises,legacyProblemNo,legacy_problem_no,Int?,예,저장 필드,"@map(""legacy_problem_no"")",
ProgrammingExercise,programming_exercises,difficulty,difficulty,ExerciseDifficulty,아니요,저장 필드,,
ProgrammingExercise,programming_exercises,description,description,String,아니요,저장 필드,"@default("""")",
ProgrammingExercise,programming_exercises,inputFormat,input_format,String,아니요,저장 필드,"@default("""") @map(""input_format"")",
ProgrammingExercise,programming_exercises,outputFormat,output_format,String,아니요,저장 필드,"@default("""") @map(""output_format"")",
ProgrammingExercise,programming_exercises,constraints,constraints,String,아니요,저장 필드,"@default("""")",
ProgrammingExercise,programming_exercises,starterCode,starter_code,String,아니요,저장 필드,"@default("""") @map(""starter_code"")",
ProgrammingExercise,programming_exercises,solutionCode,solution_code,String?,예,저장 필드,"@map(""solution_code"") @db.Text",
ProgrammingExercise,programming_exercises,language,language,ExerciseLanguage,아니요,저장 필드,@default(PYTHON),
ProgrammingExercise,programming_exercises,timeLimitMs,time_limit_ms,Int,아니요,저장 필드,"@default(3000) @map(""time_limit_ms"")",
ProgrammingExercise,programming_exercises,memoryLimitMb,memory_limit_mb,Int,아니요,저장 필드,"@default(256) @map(""memory_limit_mb"")",
ProgrammingExercise,programming_exercises,aiFeedbackEnabled,ai_feedback_enabled,Boolean,아니요,저장 필드,"@default(false) @map(""ai_feedback_enabled"")",
ProgrammingExercise,programming_exercises,gradingRevision,grading_revision,Int,아니요,저장 필드,"@default(1) @map(""grading_revision"")",
ProgrammingExercise,programming_exercises,createdAt,created_at,DateTime,아니요,저장 필드,"@default(now()) @map(""created_at"") @db.Timestamptz(6)",
ProgrammingExercise,programming_exercises,updatedAt,updated_at,DateTime,아니요,저장 필드,"@updatedAt @map(""updated_at"") @db.Timestamptz(6)",
ProgrammingExercise,programming_exercises,material,material,Material,아니요,관계 접근자,"@relation(fields: [materialId], references: [id], onDelete: Cascade)",
ProgrammingExercise,programming_exercises,testCases,testCases,ExerciseTestCase[],아니요,관계 접근자,,
ProgrammingExercise,programming_exercises,hints,hints,ExerciseHint[],아니요,관계 접근자,,
ExerciseTestCase,exercise_test_cases,id,id,String,아니요,저장 필드,@id @default(uuid()) @db.Uuid,
ExerciseTestCase,exercise_test_cases,exerciseMaterialId,exercise_material_id,String,아니요,저장 필드,"@map(""exercise_material_id"") @db.Uuid",
ExerciseTestCase,exercise_test_cases,position,position,Int,아니요,저장 필드,,
ExerciseTestCase,exercise_test_cases,input,input,String,아니요,저장 필드,,
ExerciseTestCase,exercise_test_cases,expectedOutput,expected_output,String,아니요,저장 필드,"@map(""expected_output"")",
ExerciseTestCase,exercise_test_cases,visibility,visibility,TestCaseVisibility,아니요,저장 필드,,
ExerciseTestCase,exercise_test_cases,createdAt,created_at,DateTime,아니요,저장 필드,"@default(now()) @map(""created_at"") @db.Timestamptz(6)",
ExerciseTestCase,exercise_test_cases,updatedAt,updated_at,DateTime,아니요,저장 필드,"@updatedAt @map(""updated_at"") @db.Timestamptz(6)",
ExerciseTestCase,exercise_test_cases,exercise,exercise,ProgrammingExercise,아니요,관계 접근자,"@relation(fields: [exerciseMaterialId], references: [materialId], onDelete: Cascade)",
ExerciseDraft,exercise_drafts,id,id,String,아니요,저장 필드,@id @default(uuid()) @db.Uuid,
ExerciseDraft,exercise_drafts,userId,user_id,String,아니요,저장 필드,"@map(""user_id"") @db.Uuid",
ExerciseDraft,exercise_drafts,materialId,material_id,String?,예,저장 필드,"@map(""material_id"") @db.Uuid",
ExerciseDraft,exercise_drafts,sourceMaterialId,source_material_id,String,아니요,저장 필드,"@map(""source_material_id"") @db.Uuid",
ExerciseDraft,exercise_drafts,courseId,course_id,String,아니요,저장 필드,"@map(""course_id"") @db.Uuid",
ExerciseDraft,exercise_drafts,code,code,String,아니요,저장 필드,,
ExerciseDraft,exercise_drafts,createdAt,created_at,DateTime,아니요,저장 필드,"@default(now()) @map(""created_at"") @db.Timestamptz(6)",
ExerciseDraft,exercise_drafts,updatedAt,updated_at,DateTime,아니요,저장 필드,"@updatedAt @map(""updated_at"") @db.Timestamptz(6)",
ExerciseDraft,exercise_drafts,user,user,User,아니요,관계 접근자,"@relation(fields: [userId], references: [id], onDelete: Cascade)",
ExerciseDraft,exercise_drafts,material,material,Material?,예,관계 접근자,"@relation(fields: [materialId], references: [id], onDelete: SetNull)",
ExerciseDraft,exercise_drafts,course,course,Course,아니요,관계 접근자,"@relation(fields: [courseId], references: [id], onDelete: Restrict)",
ExerciseDraft,exercise_drafts,collaborationDocument,collaborationDocument,ExerciseCollaborationDocument?,예,관계 접근자,,
ExerciseCollaborationDocument,exercise_collaboration_documents,draftId,draft_id,String,아니요,저장 필드,"@id @map(""draft_id"") @db.Uuid",
ExerciseCollaborationDocument,exercise_collaboration_documents,yjsState,yjs_state,Bytes,아니요,저장 필드,"@map(""yjs_state"")",문서 이력이 아닌 병합된 Yjs 업데이트입니다. 업데이트는 교환 법칙과 멱등성을 만족하므로 자기 자신과 병합한 값으로 덮어써도 안전합니다.
ExerciseCollaborationDocument,exercise_collaboration_documents,snapshotVersion,snapshot_version,BigInt,아니요,저장 필드,"@default(0) @map(""snapshot_version"")",비교 후 교환 보호 값입니다. 두 API 인스턴스가 같은 문서를 기록하면 병합 후 재시도하여 한쪽이 다른 쪽을 조용히 덮어쓰지 않게 합니다.
ExerciseCollaborationDocument,exercise_collaboration_documents,codeHash,code_hash,String,아니요,저장 필드,"@map(""code_hash"")",같은 트랜잭션에서 도출한 일반 코드의 값으로 CRDT와 초안 스냅샷의 불일치를 탐지할 수 있게 합니다.
ExerciseCollaborationDocument,exercise_collaboration_documents,createdAt,created_at,DateTime,아니요,저장 필드,"@default(now()) @map(""created_at"") @db.Timestamptz(6)",
ExerciseCollaborationDocument,exercise_collaboration_documents,updatedAt,updated_at,DateTime,아니요,저장 필드,"@updatedAt @map(""updated_at"") @db.Timestamptz(6)",
ExerciseCollaborationDocument,exercise_collaboration_documents,draft,draft,ExerciseDraft,아니요,관계 접근자,"@relation(fields: [draftId], references: [id], onDelete: Cascade)",
Submission,submissions,id,id,String,아니요,저장 필드,@id @default(uuid()) @db.Uuid,
Submission,submissions,userId,user_id,String,아니요,저장 필드,"@map(""user_id"") @db.Uuid",
Submission,submissions,materialId,material_id,String?,예,저장 필드,"@map(""material_id"") @db.Uuid",
Submission,submissions,sourceMaterialId,source_material_id,String,아니요,저장 필드,"@map(""source_material_id"") @db.Uuid",
Submission,submissions,courseId,course_id,String,아니요,저장 필드,"@map(""course_id"") @db.Uuid",
Submission,submissions,classId,class_id,String?,예,저장 필드,"@map(""class_id"") @db.Uuid",제출 당시 선택한 학습 반 맥락입니다. 반 귀속 기능 도입 전 제출에만 null을 허용합니다.
Submission,submissions,gradingRevision,grading_revision,Int,아니요,저장 필드,"@map(""grading_revision"")",
Submission,submissions,regradeRunId,regrade_run_id,String?,예,저장 필드,"@map(""regrade_run_id"") @db.Uuid",학생의 제출 버튼이 아니라 플랫폼의 기록 복구 작업으로 생성한 행에 설정합니다. 복구에는 학생의 원래 코드와 문제의 현재 채점 스냅샷을 사용합니다. 아래 스냅샷은 불변이므로 과거 스냅샷을 재사용하면 복구 목적을 달성할 수 없습니다. 채점기는 일반 제출처럼 처리하지만 학생의 시도는 아닙니다. nextProgress는 attemptCount를 유지하며 사용자 이력은 이 행을 제외합니다. 콘솔 운영 설계 §5.1·§5.4·§5.5를 참조하십시오.
Submission,submissions,language,language,ExerciseLanguage,아니요,저장 필드,,
Submission,submissions,timeLimitMs,time_limit_ms,Int,아니요,저장 필드,"@map(""time_limit_ms"")",
Submission,submissions,memoryLimitMb,memory_limit_mb,Int,아니요,저장 필드,"@map(""memory_limit_mb"")",
Submission,submissions,code,code,String,아니요,저장 필드,,
Submission,submissions,status,status,SubmissionStatus,아니요,저장 필드,@default(QUEUED),
Submission,submissions,passedCount,passed_count,Int,아니요,저장 필드,"@default(0) @map(""passed_count"")",
Submission,submissions,totalCount,total_count,Int,아니요,저장 필드,"@map(""total_count"")",
Submission,submissions,score,score,Int,아니요,저장 필드,@default(0),0~100입니다. 테스트 수와 관계없이 문제별 가치는 동일하며 작성자가 테스트 하나를 둘로 나눴다고 점수가 달라지면 안 됩니다. 통과 테스트에서 도출하며 테스트별로 점수를 저장하지 않습니다.
Submission,submissions,runtimeMs,runtime_ms,Int?,예,저장 필드,"@map(""runtime_ms"")",
Submission,submissions,engineVersion,engine_version,String,아니요,저장 필드,"@map(""engine_version"")",판정을 생성한 런타임입니다. 이후 업그레이드에도 추적 가능하도록 보존합니다.
Submission,submissions,failureReason,failure_reason,String?,예,저장 필드,"@map(""failure_reason"")",
Submission,submissions,startedAt,started_at,DateTime,아니요,저장 필드,"@default(now()) @map(""started_at"") @db.Timestamptz(6)",서버가 관리합니다. v1에서는 클라이언트가 보고한 경과 시간을 받았습니다.
Submission,submissions,gradedAt,graded_at,DateTime?,예,저장 필드,"@map(""graded_at"") @db.Timestamptz(6)",
Submission,submissions,createdAt,created_at,DateTime,아니요,저장 필드,"@default(now()) @map(""created_at"") @db.Timestamptz(6)",
Submission,submissions,solveSessionId,solve_session_id,String?,예,저장 필드,"@map(""solve_session_id"") @db.Uuid",제출이 발생한 풀이 세션과 소요 시간입니다. createdAt·gradedAt의 차이는 대기열·채점 지연이므로 학생 풀이 시간으로 사용하지 않습니다. 풀이 세션 도입 이전 행은 null이며 과거 지연 시간을 학습 시간으로 바꾸어 표시하지 않습니다.
Submission,submissions,solveElapsedSec,solve_elapsed_sec,Int?,예,저장 필드,"@map(""solve_elapsed_sec"")",
Submission,submissions,problemTitle,problem_title,String,아니요,저장 필드,"@map(""problem_title"")",행 작성 시 학생에게 표시하던 레이블입니다. 모듈 이름 변경 등 일반 편집으로 과거 학습 이력이 바뀌지 않도록 표시 텍스트를 고정합니다. 필터링에는 현재 관계를 사용하여 숨긴 강좌가 선택 가능한 필터로 다시 나타나지 않게 합니다.
Submission,submissions,courseTitle,course_title,String,아니요,저장 필드,"@map(""course_title"")",
Submission,submissions,moduleTitle,module_title,String,아니요,저장 필드,"@map(""module_title"")",
Submission,submissions,lectureTitle,lecture_title,String,아니요,저장 필드,"@map(""lecture_title"")",
Submission,submissions,modulePosition,module_position,Int,아니요,저장 필드,"@map(""module_position"")",
Submission,submissions,lecturePosition,lecture_position,Int,아니요,저장 필드,"@map(""lecture_position"")",
Submission,submissions,problemPosition,problem_position,Int,아니요,저장 필드,"@map(""problem_position"")",
Submission,submissions,user,user,User,아니요,관계 접근자,"@relation(fields: [userId], references: [id], onDelete: Cascade)",
Submission,submissions,material,material,Material?,예,관계 접근자,"@relation(fields: [materialId], references: [id], onDelete: SetNull)",
Submission,submissions,course,course,Course,아니요,관계 접근자,"@relation(fields: [courseId], references: [id], onDelete: Restrict)",
Submission,submissions,class,class,Class?,예,관계 접근자,"@relation(fields: [classId], references: [id], onDelete: SetNull)",
Submission,submissions,solveSession,solveSession,ExerciseSolveSession?,예,관계 접근자,"@relation(fields: [solveSessionId], references: [id], onDelete: SetNull)",
Submission,submissions,regradeRun,regradeRun,PlatformOperationRun?,예,관계 접근자,"@relation(fields: [regradeRunId], references: [id], onDelete: SetNull)",
Submission,submissions,gradingCases,gradingCases,SubmissionGradingCase[],아니요,관계 접근자,,
Submission,submissions,cases,cases,SubmissionCase[],아니요,관계 접근자,,
ExerciseSolveSession,exercise_solve_sessions,id,id,String,아니요,저장 필드,@id @default(uuid()) @db.Uuid,
ExerciseSolveSession,exercise_solve_sessions,userId,user_id,String,아니요,저장 필드,"@map(""user_id"") @db.Uuid",
ExerciseSolveSession,exercise_solve_sessions,materialId,material_id,String,아니요,저장 필드,"@map(""material_id"") @db.Uuid",
ExerciseSolveSession,exercise_solve_sessions,classId,class_id,String?,예,저장 필드,"@map(""class_id"") @db.Uuid",반 귀속 기능 도입 전에 생성된 세션에만 null을 허용합니다.
ExerciseSolveSession,exercise_solve_sessions,startedAt,started_at,DateTime,아니요,저장 필드,"@default(now()) @map(""started_at"") @db.Timestamptz(6)",
ExerciseSolveSession,exercise_solve_sessions,createdAt,created_at,DateTime,아니요,저장 필드,"@default(now()) @map(""created_at"") @db.Timestamptz(6)",
ExerciseSolveSession,exercise_solve_sessions,user,user,User,아니요,관계 접근자,"@relation(fields: [userId], references: [id], onDelete: Cascade)",
ExerciseSolveSession,exercise_solve_sessions,material,material,Material,아니요,관계 접근자,"@relation(fields: [materialId], references: [id], onDelete: Cascade)",
ExerciseSolveSession,exercise_solve_sessions,class,class,Class?,예,관계 접근자,"@relation(fields: [classId], references: [id], onDelete: SetNull)",
ExerciseSolveSession,exercise_solve_sessions,submissions,submissions,Submission[],아니요,관계 접근자,,
SubmissionGradingCase,submission_grading_cases,id,id,String,아니요,저장 필드,@id @default(uuid()) @db.Uuid,
SubmissionGradingCase,submission_grading_cases,submissionId,submission_id,String,아니요,저장 필드,"@map(""submission_id"") @db.Uuid",
SubmissionGradingCase,submission_grading_cases,position,position,Int,아니요,저장 필드,,
SubmissionGradingCase,submission_grading_cases,input,input,String,아니요,저장 필드,,
SubmissionGradingCase,submission_grading_cases,expectedOutput,expected_output,String,아니요,저장 필드,"@map(""expected_output"")",
SubmissionGradingCase,submission_grading_cases,isSample,is_sample,Boolean,아니요,저장 필드,"@map(""is_sample"")",
SubmissionGradingCase,submission_grading_cases,submission,submission,Submission,아니요,관계 접근자,"@relation(fields: [submissionId], references: [id], onDelete: Cascade)",
SubmissionCase,submission_cases,id,id,String,아니요,저장 필드,@id @default(uuid()) @db.Uuid,
SubmissionCase,submission_cases,submissionId,submission_id,String,아니요,저장 필드,"@map(""submission_id"") @db.Uuid",
SubmissionCase,submission_cases,position,position,Int,아니요,저장 필드,,
SubmissionCase,submission_cases,isSample,is_sample,Boolean,아니요,저장 필드,"@map(""is_sample"")",
SubmissionCase,submission_cases,outcome,outcome,CaseOutcome,아니요,저장 필드,,
SubmissionCase,submission_cases,runtimeMs,runtime_ms,Int?,예,저장 필드,"@map(""runtime_ms"")",
SubmissionCase,submission_cases,actualOutput,actual_output,String?,예,저장 필드,"@map(""actual_output"")",SAMPLE 테스트에만 채웁니다. 비공개 테스트는 결과만 기록하여 학생이 탐색 제출로 비공개 기대 출력을 추론하지 못하도록 합니다.
SubmissionCase,submission_cases,submission,submission,Submission,아니요,관계 접근자,"@relation(fields: [submissionId], references: [id], onDelete: Cascade)",
StudentExerciseProgress,student_exercise_progress,id,id,String,아니요,저장 필드,@id @default(uuid()) @db.Uuid,
StudentExerciseProgress,student_exercise_progress,userId,user_id,String,아니요,저장 필드,"@map(""user_id"") @db.Uuid",
StudentExerciseProgress,student_exercise_progress,materialId,material_id,String,아니요,저장 필드,"@map(""material_id"") @db.Uuid",
StudentExerciseProgress,student_exercise_progress,status,status,ExerciseProgressStatus,아니요,저장 필드,@default(NOT_STARTED),
StudentExerciseProgress,student_exercise_progress,attemptCount,attempt_count,Int,아니요,저장 필드,"@default(0) @map(""attempt_count"")",
StudentExerciseProgress,student_exercise_progress,bestPassed,best_passed,Int,아니요,저장 필드,"@default(0) @map(""best_passed"")",
StudentExerciseProgress,student_exercise_progress,bestScore,best_score,Int,아니요,저장 필드,"@default(0) @map(""best_score"")",역대 최고 점수이며 이후 낮은 점수로 감소하지 않습니다. 합산 가능한 열로 두어 향후 순위 집계를 전체 제출 순회 대신 GROUP BY로 처리할 수 있게 합니다.
StudentExerciseProgress,student_exercise_progress,gradingRevision,grading_revision,Int,아니요,저장 필드,"@default(1) @map(""grading_revision"")",
StudentExerciseProgress,student_exercise_progress,firstSolvedAt,first_solved_at,DateTime?,예,저장 필드,"@map(""first_solved_at"") @db.Timestamptz(6)",
StudentExerciseProgress,student_exercise_progress,lastAttemptAt,last_attempt_at,DateTime?,예,저장 필드,"@map(""last_attempt_at"") @db.Timestamptz(6)",
StudentExerciseProgress,student_exercise_progress,user,user,User,아니요,관계 접근자,"@relation(fields: [userId], references: [id], onDelete: Cascade)",
StudentExerciseProgress,student_exercise_progress,material,material,Material,아니요,관계 접근자,"@relation(fields: [materialId], references: [id], onDelete: Cascade)",
TeacherMonitoringVisit,teacher_monitoring_visits,id,id,String,아니요,저장 필드,@id @default(uuid()) @db.Uuid,
TeacherMonitoringVisit,teacher_monitoring_visits,academyId,academy_id,String,아니요,저장 필드,"@map(""academy_id"") @db.Uuid",
TeacherMonitoringVisit,teacher_monitoring_visits,classId,class_id,String,아니요,저장 필드,"@map(""class_id"") @db.Uuid",
TeacherMonitoringVisit,teacher_monitoring_visits,teacherMembershipId,teacher_membership_id,String?,예,저장 필드,"@map(""teacher_membership_id"") @db.Uuid",
TeacherMonitoringVisit,teacher_monitoring_visits,studentMembershipId,student_membership_id,String?,예,저장 필드,"@map(""student_membership_id"") @db.Uuid",
TeacherMonitoringVisit,teacher_monitoring_visits,teacherMembershipRef,teacher_membership_ref,String,아니요,저장 필드,"@map(""teacher_membership_ref"") @db.Uuid",
TeacherMonitoringVisit,teacher_monitoring_visits,studentMembershipRef,student_membership_ref,String,아니요,저장 필드,"@map(""student_membership_ref"") @db.Uuid",
TeacherMonitoringVisit,teacher_monitoring_visits,materialId,material_id,String?,예,저장 필드,"@map(""material_id"") @db.Uuid",
TeacherMonitoringVisit,teacher_monitoring_visits,startedAt,started_at,DateTime,아니요,저장 필드,"@default(now()) @map(""started_at"") @db.Timestamptz(6)",
TeacherMonitoringVisit,teacher_monitoring_visits,endedAt,ended_at,DateTime?,예,저장 필드,"@map(""ended_at"") @db.Timestamptz(6)",
TeacherMonitoringVisit,teacher_monitoring_visits,endReason,end_reason,MonitoringVisitEndReason?,예,저장 필드,"@map(""end_reason"")",
TeacherMonitoringVisit,teacher_monitoring_visits,createdAt,created_at,DateTime,아니요,저장 필드,"@default(now()) @map(""created_at"") @db.Timestamptz(6)",
TeacherMonitoringVisit,teacher_monitoring_visits,academy,academy,Academy,아니요,관계 접근자,"@relation(fields: [academyId], references: [id], onDelete: Restrict)",
TeacherMonitoringVisit,teacher_monitoring_visits,class,class,Class,아니요,관계 접근자,"@relation(fields: [classId], references: [id], onDelete: Restrict)",
TeacherMonitoringVisit,teacher_monitoring_visits,teacherMembership,teacherMembership,AcademyMembership?,예,관계 접근자,"@relation(""MonitoringVisitTeacher"", fields: [teacherMembershipId], references: [id], onDelete: SetNull)",
TeacherMonitoringVisit,teacher_monitoring_visits,studentMembership,studentMembership,AcademyMembership?,예,관계 접근자,"@relation(""MonitoringVisitStudent"", fields: [studentMembershipId], references: [id], onDelete: SetNull)",
TeacherMonitoringVisit,teacher_monitoring_visits,material,material,Material?,예,관계 접근자,"@relation(fields: [materialId], references: [id], onDelete: SetNull)",
TeacherMonitoringVisit,teacher_monitoring_visits,feedback,feedback,TeacherFeedback[],아니요,관계 접근자,,
TeacherFeedback,teacher_feedback,id,id,String,아니요,저장 필드,@id @default(uuid()) @db.Uuid,
TeacherFeedback,teacher_feedback,academyId,academy_id,String,아니요,저장 필드,"@map(""academy_id"") @db.Uuid",
TeacherFeedback,teacher_feedback,classId,class_id,String,아니요,저장 필드,"@map(""class_id"") @db.Uuid",
TeacherFeedback,teacher_feedback,teacherMembershipId,teacher_membership_id,String?,예,저장 필드,"@map(""teacher_membership_id"") @db.Uuid",
TeacherFeedback,teacher_feedback,studentMembershipId,student_membership_id,String?,예,저장 필드,"@map(""student_membership_id"") @db.Uuid",
TeacherFeedback,teacher_feedback,teacherMembershipRef,teacher_membership_ref,String,아니요,저장 필드,"@map(""teacher_membership_ref"") @db.Uuid",
TeacherFeedback,teacher_feedback,studentMembershipRef,student_membership_ref,String,아니요,저장 필드,"@map(""student_membership_ref"") @db.Uuid",
TeacherFeedback,teacher_feedback,materialId,material_id,String?,예,저장 필드,"@map(""material_id"") @db.Uuid",
TeacherFeedback,teacher_feedback,monitoringVisitId,monitoring_visit_id,String?,예,저장 필드,"@map(""monitoring_visit_id"") @db.Uuid",
TeacherFeedback,teacher_feedback,idempotencyKey,idempotency_key,String,아니요,저장 필드,"@map(""idempotency_key"") @db.Uuid",발송마다 클라이언트가 생성하며 작성자 범위로 고유합니다. 두 강사가 충돌하지 않고 한 강사의 재시도가 다른 강사의 메시지를 덮어쓰지 않습니다.
TeacherFeedback,teacher_feedback,body,body,String,아니요,저장 필드,,
TeacherFeedback,teacher_feedback,createdAt,created_at,DateTime,아니요,저장 필드,"@default(now()) @map(""created_at"") @db.Timestamptz(6)",
TeacherFeedback,teacher_feedback,updatedAt,updated_at,DateTime,아니요,저장 필드,"@default(now()) @updatedAt @map(""updated_at"") @db.Timestamptz(6)",강사가 메모를 마지막으로 수정한 시각입니다. 강사는 학생·문제별 메모 하나를 같은 행에서 편집하므로 행은 최초 문구보다 오래 유지됩니다. 첫 수정 전에는 createdAt과 같습니다.
TeacherFeedback,teacher_feedback,readAt,read_at,DateTime?,예,저장 필드,"@map(""read_at"") @db.Timestamptz(6)",학생이 해당 메시지가 속한 스레드를 연 시각입니다. null은 읽지 않음을 뜻합니다. 학생 배지는 null을 세고 강사는 읽음 여부를 확인합니다. 작성자가 설정하지 않습니다.
TeacherFeedback,teacher_feedback,academy,academy,Academy,아니요,관계 접근자,"@relation(fields: [academyId], references: [id], onDelete: Restrict)",
TeacherFeedback,teacher_feedback,class,class,Class,아니요,관계 접근자,"@relation(fields: [classId], references: [id], onDelete: Restrict)",
TeacherFeedback,teacher_feedback,teacherMembership,teacherMembership,AcademyMembership?,예,관계 접근자,"@relation(""TeacherFeedbackAuthor"", fields: [teacherMembershipId], references: [id], onDelete: SetNull)",
TeacherFeedback,teacher_feedback,studentMembership,studentMembership,AcademyMembership?,예,관계 접근자,"@relation(""TeacherFeedbackRecipient"", fields: [studentMembershipId], references: [id], onDelete: SetNull)",
TeacherFeedback,teacher_feedback,material,material,Material?,예,관계 접근자,"@relation(fields: [materialId], references: [id], onDelete: SetNull)",
TeacherFeedback,teacher_feedback,monitoringVisit,monitoringVisit,TeacherMonitoringVisit?,예,관계 접근자,"@relation(fields: [monitoringVisitId], references: [id], onDelete: SetNull)",
ExerciseHint,exercise_hints,id,id,String,아니요,저장 필드,@id @default(uuid()) @db.Uuid,
ExerciseHint,exercise_hints,exerciseMaterialId,exercise_material_id,String,아니요,저장 필드,"@map(""exercise_material_id"") @db.Uuid",
ExerciseHint,exercise_hints,position,position,Int,아니요,저장 필드,,
ExerciseHint,exercise_hints,content,content,String,아니요,저장 필드,,
ExerciseHint,exercise_hints,triggerExpression,trigger_expression,String?,예,저장 필드,"@map(""trigger_expression"")",
ExerciseHint,exercise_hints,createdAt,created_at,DateTime,아니요,저장 필드,"@default(now()) @map(""created_at"") @db.Timestamptz(6)",
ExerciseHint,exercise_hints,updatedAt,updated_at,DateTime,아니요,저장 필드,"@updatedAt @map(""updated_at"") @db.Timestamptz(6)",
ExerciseHint,exercise_hints,exercise,exercise,ProgrammingExercise,아니요,관계 접근자,"@relation(fields: [exerciseMaterialId], references: [materialId], onDelete: Cascade)",
StudentCourseLearningDay,student_course_learning_days,academyId,academy_id,String,아니요,저장 필드,"@map(""academy_id"") @db.Uuid",
StudentCourseLearningDay,student_course_learning_days,membershipId,membership_id,String,아니요,저장 필드,"@map(""membership_id"") @db.Uuid",
StudentCourseLearningDay,student_course_learning_days,courseId,course_id,String,아니요,저장 필드,"@map(""course_id"") @db.Uuid",
StudentCourseLearningDay,student_course_learning_days,localDate,local_date,DateTime,아니요,저장 필드,"@map(""local_date"") @db.Date",UTC가 아닌 학원 현지 달력 날짜입니다. 저녁 수업이 두 날짜로 나뉘지 않도록 합니다.
StudentCourseLearningDay,student_course_learning_days,activeSeconds,active_seconds,Int,아니요,저장 필드,"@default(0) @map(""active_seconds"")",
StudentCourseLearningDay,student_course_learning_days,activeIntervals,active_intervals,Int,아니요,저장 필드,"@default(0) @map(""active_intervals"")",집계된 초가 몇 개의 개별 구간에서 발생했는지 나타냅니다. 한 번의 긴 세션과 여러 짧은 세션을 구분할 수 있습니다.
StudentCourseLearningDay,student_course_learning_days,firstActiveAt,first_active_at,DateTime,아니요,저장 필드,"@map(""first_active_at"") @db.Timestamptz(6)",
StudentCourseLearningDay,student_course_learning_days,lastActiveAt,last_active_at,DateTime,아니요,저장 필드,"@map(""last_active_at"") @db.Timestamptz(6)",
StudentCourseLearningDay,student_course_learning_days,updatedAt,updated_at,DateTime,아니요,저장 필드,"@updatedAt @map(""updated_at"") @db.Timestamptz(6)",
StudentCourseLearningDay,student_course_learning_days,academy,academy,Academy,아니요,관계 접근자,"@relation(fields: [academyId], references: [id], onDelete: Cascade)",
StudentCourseLearningDay,student_course_learning_days,membership,membership,AcademyMembership,아니요,관계 접근자,"@relation(fields: [membershipId], references: [id], onDelete: Cascade)",
StudentCourseLearningDay,student_course_learning_days,course,course,Course,아니요,관계 접근자,"@relation(fields: [courseId], references: [id], onDelete: Cascade)",
StudentClassCourseLearningDay,student_class_course_learning_days,academyId,academy_id,String,아니요,저장 필드,"@map(""academy_id"") @db.Uuid",
StudentClassCourseLearningDay,student_class_course_learning_days,membershipId,membership_id,String,아니요,저장 필드,"@map(""membership_id"") @db.Uuid",
StudentClassCourseLearningDay,student_class_course_learning_days,classId,class_id,String,아니요,저장 필드,"@map(""class_id"") @db.Uuid",
StudentClassCourseLearningDay,student_class_course_learning_days,courseId,course_id,String,아니요,저장 필드,"@map(""course_id"") @db.Uuid",
StudentClassCourseLearningDay,student_class_course_learning_days,localDate,local_date,DateTime,아니요,저장 필드,"@map(""local_date"") @db.Date",
StudentClassCourseLearningDay,student_class_course_learning_days,activeSeconds,active_seconds,Int,아니요,저장 필드,"@default(0) @map(""active_seconds"")",
StudentClassCourseLearningDay,student_class_course_learning_days,activeIntervals,active_intervals,Int,아니요,저장 필드,"@default(0) @map(""active_intervals"")",
StudentClassCourseLearningDay,student_class_course_learning_days,firstActiveAt,first_active_at,DateTime,아니요,저장 필드,"@map(""first_active_at"") @db.Timestamptz(6)",
StudentClassCourseLearningDay,student_class_course_learning_days,lastActiveAt,last_active_at,DateTime,아니요,저장 필드,"@map(""last_active_at"") @db.Timestamptz(6)",
StudentClassCourseLearningDay,student_class_course_learning_days,updatedAt,updated_at,DateTime,아니요,저장 필드,"@updatedAt @map(""updated_at"") @db.Timestamptz(6)",
StudentClassCourseLearningDay,student_class_course_learning_days,academy,academy,Academy,아니요,관계 접근자,"@relation(fields: [academyId], references: [id], onDelete: Cascade)",
StudentClassCourseLearningDay,student_class_course_learning_days,membership,membership,AcademyMembership,아니요,관계 접근자,"@relation(fields: [membershipId], references: [id], onDelete: Cascade)",
StudentClassCourseLearningDay,student_class_course_learning_days,class,class,Class,아니요,관계 접근자,"@relation(fields: [classId], references: [id], onDelete: Cascade)",
StudentClassCourseLearningDay,student_class_course_learning_days,course,course,Course,아니요,관계 접근자,"@relation(fields: [courseId], references: [id], onDelete: Cascade)",
LearningActivityFlush,learning_activity_flushes,id,id,String,아니요,저장 필드,@id @db.Uuid,
LearningActivityFlush,learning_activity_flushes,academyId,academy_id,String,아니요,저장 필드,"@map(""academy_id"") @db.Uuid",
LearningActivityFlush,learning_activity_flushes,membershipId,membership_id,String,아니요,저장 필드,"@map(""membership_id"") @db.Uuid",
LearningActivityFlush,learning_activity_flushes,createdAt,created_at,DateTime,아니요,저장 필드,"@default(now()) @map(""created_at"") @db.Timestamptz(6)",
ClassScheduleSlot,class_schedule_slots,id,id,String,아니요,저장 필드,@id @default(uuid()) @db.Uuid,
ClassScheduleSlot,class_schedule_slots,classId,class_id,String,아니요,저장 필드,"@map(""class_id"") @db.Uuid",
ClassScheduleSlot,class_schedule_slots,weekday,weekday,Int,아니요,저장 필드,,"학원 현지 기준 ISO-8601 요일입니다. 1은 월요일, 7은 일요일입니다."
ClassScheduleSlot,class_schedule_slots,startMinute,start_minute,Int,아니요,저장 필드,"@map(""start_minute"")",학원 현지 자정부터의 분입니다. 16:00은 960입니다.
ClassScheduleSlot,class_schedule_slots,endMinute,end_minute,Int,아니요,저장 필드,"@map(""end_minute"")",자정을 넘는 수업은 1440을 초과할 수 있습니다. 0으로 순환하지 않습니다.
ClassScheduleSlot,class_schedule_slots,effectiveFrom,effective_from,DateTime?,예,저장 필드,"@map(""effective_from"") @db.Date",학기 변경 시 기존 구간을 종료하고 새 구간을 추가합니다. 삭제하지 않아 지난달 출석의 근거를 설명할 수 있습니다.
ClassScheduleSlot,class_schedule_slots,effectiveTo,effective_to,DateTime?,예,저장 필드,"@map(""effective_to"") @db.Date",
ClassScheduleSlot,class_schedule_slots,createdAt,created_at,DateTime,아니요,저장 필드,"@default(now()) @map(""created_at"") @db.Timestamptz(6)",
ClassScheduleSlot,class_schedule_slots,updatedAt,updated_at,DateTime,아니요,저장 필드,"@updatedAt @map(""updated_at"") @db.Timestamptz(6)",
ClassScheduleSlot,class_schedule_slots,class,class,Class,아니요,관계 접근자,"@relation(fields: [classId], references: [id], onDelete: Cascade)",
PointAward,point_awards,id,id,String,아니요,저장 필드,@id @default(uuid()) @db.Uuid,
PointAward,point_awards,academyId,academy_id,String,아니요,저장 필드,"@map(""academy_id"") @db.Uuid",
PointAward,point_awards,membershipId,membership_id,String,아니요,저장 필드,"@map(""membership_id"") @db.Uuid",
PointAward,point_awards,reason,reason,PointReason,아니요,저장 필드,,
PointAward,point_awards,amount,amount,Int,아니요,저장 필드,,항상 0보다 큽니다. 학생 포인트 설계 §7.6을 참조하십시오.
PointAward,point_awards,dedupeKey,dedupe_key,String,아니요,저장 필드,"@unique @map(""dedupe_key"")",멱등성과 동시성 보장의 키입니다. 채점 콜백이나 활동 플러시 재시도는 이 고유 키와 충돌하여 새 행을 쓰지 않습니다. 선조회 후 쓰기나 잠금이 필요하지 않습니다. 일반 커리큘럼 편집 후 같은 사실에 중복 지급되지 않도록 채점 리비전·난이도·포인트 값·하루보다 세밀한 시각을 키에 포함하지 않습니다. §9.3을 참조하십시오.
PointAward,point_awards,materialId,material_id,String?,예,저장 필드,"@map(""material_id"") @db.Uuid",지급 대상입니다. 모든 사유에 모든 대상이 있는 것은 아니므로 각 필드는 null을 허용합니다.
PointAward,point_awards,lectureId,lecture_id,String?,예,저장 필드,"@map(""lecture_id"") @db.Uuid",
PointAward,point_awards,moduleId,module_id,String?,예,저장 필드,"@map(""module_id"") @db.Uuid",
PointAward,point_awards,courseId,course_id,String?,예,저장 필드,"@map(""course_id"") @db.Uuid",
PointAward,point_awards,classId,class_id,String?,예,저장 필드,"@map(""class_id"") @db.Uuid",
PointAward,point_awards,localDate,local_date,DateTime?,예,저장 필드,"@map(""local_date"") @db.Date",
PointAward,point_awards,subjectLabel,subject_label,String,아니요,저장 필드,"@map(""subject_label"")",행 생성 시 표시하던 레이블입니다. Submission.problemTitle과 같은 이유로 고정합니다. 강의 이름 변경이 지난 학기 적립 이력을 바꾸면 안 됩니다.
PointAward,point_awards,difficulty,difficulty,ExerciseDifficulty?,예,저장 필드,"@map(""difficulty"")",문제 풀이 당시 고정한 난이도입니다. 작성자가 이후 난이도를 바꾸어도 원장에 실제 지급 기준을 표시할 수 있습니다.
PointAward,point_awards,cappedAt,capped_at,DateTime?,예,저장 필드,"@map(""capped_at"") @db.Timestamptz(6)",일일 한도로 지급액이 줄어든 경우 설정합니다. 금액이 더 늘지 않는 이유를 원장에 설명할 수 있게 합니다.
PointAward,point_awards,voidedAt,voided_at,DateTime?,예,저장 필드,"@map(""voided_at"") @db.Timestamptz(6)",잘못된 난이도 설정이나 중복 구간 지급을 바로잡는 플랫폼 보정입니다. MANAGER 전용이며 감사 기록을 남깁니다. 차감 행을 만드는 대신 이 행을 모든 합계에서 제외하고 학생에게 사유와 함께 계속 표시합니다.
PointAward,point_awards,voidedByMembershipId,voided_by_membership_id,String?,예,저장 필드,"@map(""voided_by_membership_id"") @db.Uuid",
PointAward,point_awards,voidReason,void_reason,String?,예,저장 필드,"@map(""void_reason"")",
PointAward,point_awards,createdAt,created_at,DateTime,아니요,저장 필드,"@default(now()) @map(""created_at"") @db.Timestamptz(6)",
PointAward,point_awards,academy,academy,Academy,아니요,관계 접근자,"@relation(fields: [academyId], references: [id], onDelete: Cascade)",
PointAward,point_awards,membership,membership,AcademyMembership,아니요,관계 접근자,"@relation(fields: [membershipId], references: [id], onDelete: Cascade)",
PointAward,point_awards,class,class,Class?,예,관계 접근자,"@relation(fields: [classId], references: [id], onDelete: SetNull)",
StudentPointBalance,student_point_balances,membershipId,membership_id,String,아니요,저장 필드,"@id @map(""membership_id"") @db.Uuid",StudentAcademyProfile처럼 멤버십 단독 키를 사용하고 학원을 비정규화해 저장합니다. 멤버십은 정확히 한 학원에 속하므로 복합 키는 동일 사실의 불일치 지점만 늘립니다.
StudentPointBalance,student_point_balances,academyId,academy_id,String,아니요,저장 필드,"@map(""academy_id"") @db.Uuid",
StudentPointBalance,student_point_balances,earnedTotal,earned_total,Int,아니요,저장 필드,"@default(0) @map(""earned_total"")",
StudentPointBalance,student_point_balances,spentTotal,spent_total,Int,아니요,저장 필드,"@default(0) @map(""spent_total"")",
StudentPointBalance,student_point_balances,stampCount,stamp_count,Int,아니요,저장 필드,"@default(0) @map(""stamp_count"")",추후 제공할 스탬프판용입니다. 현재 쓰는 경로는 없으며 향후 도입 시 마이그레이션이 필요하지 않도록 열만 마련되어 있습니다.
StudentPointBalance,student_point_balances,updatedAt,updated_at,DateTime,아니요,저장 필드,"@updatedAt @map(""updated_at"") @db.Timestamptz(6)",
StudentPointBalance,student_point_balances,membership,membership,AcademyMembership,아니요,관계 접근자,"@relation(fields: [membershipId], references: [id], onDelete: Cascade)",
AcademyPointPolicy,academy_point_policies,academyId,academy_id,String,아니요,저장 필드,"@id @map(""academy_id"") @db.Uuid",
AcademyPointPolicy,academy_point_policies,solveEasy,solve_easy,Int,아니요,저장 필드,"@default(3) @map(""solve_easy"")",
AcademyPointPolicy,academy_point_policies,solveMedium,solve_medium,Int,아니요,저장 필드,"@default(5) @map(""solve_medium"")",
AcademyPointPolicy,academy_point_policies,solveHard,solve_hard,Int,아니요,저장 필드,"@default(10) @map(""solve_hard"")",
AcademyPointPolicy,academy_point_policies,lectureCompleted,lecture_completed,Int,아니요,저장 필드,"@default(15) @map(""lecture_completed"")",
AcademyPointPolicy,academy_point_policies,moduleCompleted,module_completed,Int,아니요,저장 필드,"@default(40) @map(""module_completed"")",
AcademyPointPolicy,academy_point_policies,courseCompleted,course_completed,Int,아니요,저장 필드,"@default(150) @map(""course_completed"")",
AcademyPointPolicy,academy_point_policies,attendance,attendance,Int,아니요,저장 필드,"@default(5) @map(""attendance"")",
AcademyPointPolicy,academy_point_policies,attendanceLate,attendance_late,Int,아니요,저장 필드,"@default(2) @map(""attendance_late"")",
AcademyPointPolicy,academy_point_policies,attendanceMinMinutes,attendance_min_minutes,Int,아니요,저장 필드,"@default(10) @map(""attendance_min_minutes"")",
AcademyPointPolicy,academy_point_policies,attendanceGraceMinutes,attendance_grace_minutes,Int,아니요,저장 필드,"@default(15) @map(""attendance_grace_minutes"")",
AcademyPointPolicy,academy_point_policies,learningTimeTier1Minutes,learning_time_tier1_minutes,Int,아니요,저장 필드,"@default(30) @map(""learning_time_tier1_minutes"")",
AcademyPointPolicy,academy_point_policies,learningTimeTier1Points,learning_time_tier1_points,Int,아니요,저장 필드,"@default(3) @map(""learning_time_tier1_points"")",
AcademyPointPolicy,academy_point_policies,learningTimeTier2Minutes,learning_time_tier2_minutes,Int,아니요,저장 필드,"@default(60) @map(""learning_time_tier2_minutes"")",
AcademyPointPolicy,academy_point_policies,learningTimeTier2Points,learning_time_tier2_points,Int,아니요,저장 필드,"@default(5) @map(""learning_time_tier2_points"")",
AcademyPointPolicy,academy_point_policies,learningTimeTier3Minutes,learning_time_tier3_minutes,Int,아니요,저장 필드,"@default(120) @map(""learning_time_tier3_minutes"")",
AcademyPointPolicy,academy_point_policies,learningTimeTier3Points,learning_time_tier3_points,Int,아니요,저장 필드,"@default(7) @map(""learning_time_tier3_points"")",
AcademyPointPolicy,academy_point_policies,studentDailyCap,student_daily_cap,Int,아니요,저장 필드,"@default(100) @map(""student_daily_cap"")",학생 한 명이 학원 현지 하루 동안 적립할 수 있는 최대값입니다. 제한이 없으면 순위가 학습보다 장시간 참여를 반영할 수 있습니다.
AcademyPointPolicy,academy_point_policies,createdAt,created_at,DateTime,아니요,저장 필드,"@default(now()) @map(""created_at"") @db.Timestamptz(6)",
AcademyPointPolicy,academy_point_policies,updatedAt,updated_at,DateTime,아니요,저장 필드,"@updatedAt @map(""updated_at"") @db.Timestamptz(6)",
AcademyPointPolicy,academy_point_policies,academy,academy,Academy,아니요,관계 접근자,"@relation(fields: [academyId], references: [id], onDelete: Cascade)",
StudentHelpRequest,student_help_requests,id,id,String,아니요,저장 필드,@id @default(uuid()) @db.Uuid,
StudentHelpRequest,student_help_requests,academyId,academy_id,String,아니요,저장 필드,"@map(""academy_id"") @db.Uuid",
StudentHelpRequest,student_help_requests,classId,class_id,String,아니요,저장 필드,"@map(""class_id"") @db.Uuid",
StudentHelpRequest,student_help_requests,studentMembershipRef,student_membership_ref,String,아니요,저장 필드,"@map(""student_membership_ref"") @db.Uuid",
StudentHelpRequest,student_help_requests,studentMembershipId,student_membership_id,String?,예,저장 필드,"@map(""student_membership_id"") @db.Uuid",
StudentHelpRequest,student_help_requests,materialRef,material_ref,String,아니요,저장 필드,"@map(""material_ref"") @db.Uuid",
StudentHelpRequest,student_help_requests,materialId,material_id,String?,예,저장 필드,"@map(""material_id"") @db.Uuid",
StudentHelpRequest,student_help_requests,teacherMembershipRef,teacher_membership_ref,String?,예,저장 필드,"@map(""teacher_membership_ref"") @db.Uuid",
StudentHelpRequest,student_help_requests,teacherMembershipId,teacher_membership_id,String?,예,저장 필드,"@map(""teacher_membership_id"") @db.Uuid",
StudentHelpRequest,student_help_requests,status,status,HelpRequestStatus,아니요,저장 필드,@default(WAITING),
StudentHelpRequest,student_help_requests,requestedAt,requested_at,DateTime,아니요,저장 필드,"@default(now()) @map(""requested_at"") @db.Timestamptz(6)",
StudentHelpRequest,student_help_requests,claimedAt,claimed_at,DateTime?,예,저장 필드,"@map(""claimed_at"") @db.Timestamptz(6)",
StudentHelpRequest,student_help_requests,closedAt,closed_at,DateTime?,예,저장 필드,"@map(""closed_at"") @db.Timestamptz(6)",
StudentHelpRequest,student_help_requests,updatedAt,updated_at,DateTime,아니요,저장 필드,"@default(now()) @updatedAt @map(""updated_at"") @db.Timestamptz(6)",
StudentHelpRequest,student_help_requests,version,version,Int,아니요,저장 필드,@default(1),
StudentHelpRequest,student_help_requests,closedByRef,closed_by_ref,String?,예,저장 필드,"@map(""closed_by_ref"") @db.Uuid",
StudentHelpRequest,student_help_requests,closeReason,close_reason,String?,예,저장 필드,"@map(""close_reason"")",
StudentHelpRequest,student_help_requests,academy,academy,Academy,아니요,관계 접근자,"@relation(fields: [academyId], references: [id], onDelete: Restrict)",
StudentHelpRequest,student_help_requests,class,class,Class,아니요,관계 접근자,"@relation(fields: [classId], references: [id], onDelete: Restrict)",
StudentHelpRequest,student_help_requests,studentMembership,studentMembership,AcademyMembership?,예,관계 접근자,"@relation(""HelpRequestStudent"", fields: [studentMembershipId], references: [id], onDelete: SetNull)",
StudentHelpRequest,student_help_requests,teacherMembership,teacherMembership,AcademyMembership?,예,관계 접근자,"@relation(""HelpRequestTeacher"", fields: [teacherMembershipId], references: [id], onDelete: SetNull)",
StudentHelpRequest,student_help_requests,material,material,Material?,예,관계 접근자,"@relation(fields: [materialId], references: [id], onDelete: SetNull)",
HelpRequestReceipt,help_request_receipts,actorRef,actor_ref,String,아니요,저장 필드,"@map(""actor_ref"") @db.Uuid",
HelpRequestReceipt,help_request_receipts,key,key,String,아니요,저장 필드,@db.Uuid,
HelpRequestReceipt,help_request_receipts,fingerprint,fingerprint,String,아니요,저장 필드,,
HelpRequestReceipt,help_request_receipts,result,result,Json,아니요,저장 필드,,
HelpRequestReceipt,help_request_receipts,createdAt,created_at,DateTime,아니요,저장 필드,"@default(now()) @map(""created_at"") @db.Timestamptz(6)",
